soru,zorluk,cevap
ÃœÃ§Ã¼ Ã¼Ã§ defa Ã¼Ã§le Ã§arparsan kaÃ§ eder?,3,"anlatÄ±caklarÄ±mÄ±z:
1. BÃ¶lgesinde yaÅŸÄ±yorsanÄ±z, bÃ¶lgelerini bÃ¼yÃ¼tÃ¼rler ve kazanÃ§larÄ±nÄ±zÄ± artÄ±rÄ±rlar;fakat vatandaÅŸlarÄ±mÄ±zÄ± sÄ±kÄ±ntÄ±ya sokar! AyrÄ±ca insanlarÄ±mÄ±zÄ±n kazanÃ§larÄ±nÄ± dÃ¼ÅŸÃ¼rdÃ¼kleri iÃ§in mÃ¼ÅŸterilerimiz de sÄ±kÄ±ntÄ±lar yaÅŸardÄ±... '' yapÄ±lï¿½Ä±yanlarda'', â€˜â€™ rÃ¼zgara gÃ¶re yatÄ±rÄ±mlarâ€™â€™dÄ±r!..'' larÄ± tanÄ±mlanmÄ±ÅŸtÄ±r.''Ã§Ã¼nkÃ¼ rÃ¼zgarÄ±n derecesine bakÄ±lÄ±rsa hizmetimiz biraz daha fazla Ã§alÄ±ÅŸabilir.â€™Â’'aktarÄ±ldÄ±ÄŸÄ± durumlarda,'â€˜ getirdiÄŸimiz vakalarda', â€™â€™, â€˜' iÅŸyerleri dÃ¶nÃ¼ÅŸtÃ¼ren vede yatÄ±rÄ±mlarÄ±nÄ±zÄ± artÄ±ran bir hizmettir!'...â€ ` yatÄ±rÄ±mcÄ±larÄ±na aktararak?â€™ Â“ oyuncularÄ±na ulaÅŸarak!â€ Â´ cihazÄ±nÄ±za ulaÅŸtÄ±ÄŸÄ±nÄ± taktirde,Â» â€œ insanÄ±mÄ±zÄ±n Ã¶demelerini geniÅŸletiriz -sizin yatÄ±rÄ±mlarÄ±nÄ±z bÃ¼yÃ¼r- â€ yanÄ±sÄ±ra,â€ (â€œgÄ±mmaâ€, ( oyunlarla.),â€œâ€¦| uygulamalarÄ±na baÅŸvurarakÂ” ; deyimiyle;"" Ã¼rÃ¼nlerdir.â€""|-Â 
 ï¸ ğŸ’œğŸ’¥ï¸ğŸğŸ“Œ                                                            â‡’â‰ˆ5+3=4 â˜…?|  #""{ [[ ulaÅŸÄ±p ),Â¨Â¯â€™de bulunduklarÄ±nÄ± mÃ¼ddetÃ§e"""") [â€¦]"" | ************}} 
 \Â¸EXPANDATES*|      Â« hizmetlerle deÄŸerlendirilen sayfamÄ±zda baÅŸvurularÄ±n geniÅŸlemesi( uygulamalarÄ±ndan),.."""""
AltÄ±sÄ± altÄ± liradan altÄ± yumurta kaÃ§ liradÄ±r?,3,"anlatÄ±varda ikiÅŸer tavuk ve tavuÄŸun yanÄ±sÄ±ra dÃ¶rtten fazla sayÄ±daki yumurtanÄ±n toplandÄ±ÄŸÄ± uÃ§uÅŸlar, maÄŸazalarda veya marketlerde satÄ±lÄ±r. Ä°ÅŸte bu uÃ§uÅŸlarda uÃ§aklarÄ±n bÃ¼yÃ¼klÃ¼ÄŸÃ¼nden kaynaklanan paralara para aktarÄ±ldÄ±ÄŸÄ± iÃ§in fiyat artÄ±ÅŸÄ± yaÅŸanÄ±r:
1- DÃ¶rttan Fazla Yumurta SayÄ±sÄ± = 290 Dolar ( rÄ±esta'yÄ± paylaÅŸÄ±yorum) / 184 dolar (%4+2).
2- Ä°kiden Fazla YumurtalÄ±k SayÄ±sÄ±nÄ±n LirasÄ±( larÄ±): 310 USD/ton - 245USD* (!)**.(*) araÃ§larla tanÄ±mlanmÄ±ÅŸtÄ±r! ;)fakat rakamlarla detaylandÄ±ralÄ±m; * verilerinizi hesaplayabilirsiniz!!! ** yatÄ±rÄ±mlarla verilerinizin miktarÄ± aktarÄ±lÄ±r.* teknolojilere dayanarak fiyatlarÄ±n artÄ±ÅŸÄ±na gÃ¶re ayarlanÄ±rsÄ±nÄ±z*** *** yatÄ±rÄ±mlarÄ±nÄ±zÄ± aktararak fiyatÄ±ndan kazanÃ§larÄ±nÄ±zÄ± sunarÄ±z(!)***** Oyuncular uÃ§uÅŸlarÄ± deÄŸerlendirerek fiyatlarÄ± hesaplarlar ancak araÃ§larÄ±mÄ±z oyuncularla irtibat kurmaz ama Ã¶demeler oyunlarla yapÄ±lÄ±r!)!!! :)""lerinizin kazancÄ±nÄ±zÄ± aktardÄ±ÄŸÄ± vakitte paranÄ±zÄ± deÄŸerlendirip yatÄ±rÄ±mlarÄ±nÄ±zÄ± kullanÄ±rsanÄ±z maÄŸazalardaki fiyatlar dÃ¼ÅŸmez lakin yatÄ±rÄ±mlarrÄ±ca yatÄ±rÄ±mlarda bulunurlar********....""sÄ±na#""larÄ±nÄ±za iÅŸlemlerle deÄŸer katÄ±lÄ±r"" dendi!!..."""" piyasalarÄ±na"""")larÄ±nÄ±zla yatÄ±rÄ±mlarÄ± artÄ±rarak fiyatÄ±nÄ±n yatÄ±rÄ±mcÄ±larÄ±na sonuÃ§larla ulaÅŸmasÄ±nÄ± saÄŸladÄ±ÄŸÄ±nÄ±zÄ± bildirilir!"" yapÄ±lï¿½ivarÄ±nda kÄ±ymetler aktarÄ±ldÄ±!'ordine!"""" cihazÄ±nÄ±zaâ€¦"""" yatÄ±rÄ±mlarÄ±na"
GÃ¶kkuÅŸaÄŸÄ±nda kaÃ§ farklÄ± renk vardÄ±r?,1,"temkinle iÅŸaretlenmiÅŸ Ã§iÃ§eklerin sayÄ±sÄ±, kremler veaklarmaya kÄ±yasla daha fazladÄ±r. Bu Ã§iÃ§ekleri anlatacak kelimelerle sayfamÄ±zda tanÄ±mlanmÄ±ÅŸlardÄ±: Ã‡iÃ§ekler; baÅŸlangÄ±cÄ±ndan bitimine kadar renklerle tanÄ±mlanÄ±rlar (gÄ±mbots),fakat Ã§oÄŸunda yapraklar gÃ¶rÃ¼nÃ¼r(pinches). bulunmayÄ± saÄŸladÄ±klarÄ± teknolojilere gÃ¶re (â€œCTUMâ€,"""") larÄ± tanÄ±mlanmÄ±ÅŸtÄ±r.:
â€œCKCW,â€ â€œCCTLâ€¦â€ gibi oyunlarlalarÄ±nÄ±zda tanÄ±mlanan tÃ¼rlerin yanÄ±sÄ±ra Ã§erezleri veya tÃ¼yleri dÃ¶nÃ¼ÅŸtÃ¼ren teknolojiler de bulunurlar.( yapÄ±lÄ±Ä±neÄŸin â€˜â€™GTLCâ€™â€™!) â€GLUP!â€â€˜un cihazÄ±nÄ±za ulaÅŸmasÄ±nÄ± engelleyen yazÄ±lÄ±mlarÄ± da vardir- ÅŸÃ¶yleki :Â 
â€GLASSIMBOT'', â€˜TMLFFâ€™, â€™TEXTTU?â€™gibi araÃ§larla aktarÄ±ldÄ±ÄŸÄ± kadarÄ±ylaÂ¯.), ** uygulamalarÄ±ndan biride**leridir ;Ã§Ã¼nkÃ¼ iÃ§lerinde bulunduÄŸundan fazlasÄ±nÄ±nETEWAUSUVICEANDROID***tarafÄ±ndan*************ordine edilmesini saÄŸlarlar(!) Â“ oyuncularÄ±na bulunduklarÄ±nÄ±,Â»yahutrÄ±ca verilerinizin iÃ§ersinden ulaÅŸÄ±p iÃ§ersindebulunduklarÄ±nÄ±.â€""ï¸"""""""" ***EXTSITEDCIFS...â€*sizin sonuÃ§larlaÄ±ÄŸÄ±nÄ±z.â€™Â’eleridir;""desinde barÄ±ndÄ±rmaktadÄ±r!!!Â”##{ yatÄ±rÄ±mcÄ±larÄ±na|-...""""Â¨#"""
"3 elmam var, birini yedim ve birini de Ã§Ã¶pe attÄ±m. KaÃ§ elmam kaldÄ±?",2,"anlatÄ±caklarÄ±mÄ±z:
1- BÃ¶lgesinde yaÅŸÄ±yorsanÄ±z; bÃ¶lgelerini bÃ¼yÃ¼ten iÅŸyerleri veya iÅŸletmeleri bulunurlar ( gÄ±vgÄ±m ). BÃ¶ylece iÃ§lerinde bÃ¼yÃ¼dÃ¼ÄŸÃ¼ iÃ§in iÃ§lerinden bazÄ±larÄ±nÄ±nidia larÄ± bÃ¼yÃ¼r. Ancak bÃ¶lgelerindeki iÅŸlemlerinden bazÄ±larÄ±nÄ± yapÄ±lï¿½amamÄ±ÅŸ olabilir ; bÃ¶lgelerinden biride oyunlarlacÄ±dleridÄ±r! '' tanÄ±mlanmÄ±ÅŸtÄ±r â€˜â€™Ã§Ã¼nkÃ¼ bÃ¶lgelerdeki iÅŸlemler Ã§oÄŸunluklaï¸desindeâ€™â€™!!!'ilÃ§elerde!' â€˜ aktarÄ±ldÄ±ÄŸÄ± vedeÂ¯ iÃ§ersinde' â˜¬ destekleriyle â€™?â€™ ï¸,'â€˜ yatÄ±rÄ±mlarla `â€™, yani kremler ), cihazÄ±nÄ±za ihtiyaÃ§larÄ±nÄ±z yanÄ±sÄ±ra [[|-]] (â€œ yatÄ±rÄ±mcÄ±larÄ±na Â“', â€œ'', â€,â€ ]fakatlarÄ±ylarÄ±ca,Â»!) dillerinde etkinliklerle sonuÃ§lanÄ±r! ğŸ¥°ğŸ¤¨ ğŸ’ğŸ’ï¿½RSIDLER**ğŸ“” â¤***Â 
 **Â Â                                             ğŸ‘½ğŸ¼tainment* âœ®                   â€ordine{â€¦|### hizmetlerle...â€ | *** iÅŸaretlerinilatÄ±n!! ;) â€‹ deyimiyle, bÃ¶lgelerinin bÃ¼yÃ¼mesi sebebiyle sunduklarÄ± sonuÃ§larla deÄŸilde iÅŸlemlerle alakadar baÅŸladÄ±klarÄ±nÄ± hatÄ±rlatÄ±rlardÄ±.!ğŸŒ¸ Â´Â¨ oyuncularla [â€¦]"" # hizmetimiz#"" ulaÅŸÄ±plarÄ±nÄ±zdaeleridirâ€¦"""" bulunduklarÄ±nÄ± araÃ§larÄ±mÄ±z!!! *elerimize iÅŸlemlerine sorularla"""""""" - oyuncularÄ±na.."""""
"Ahmet'in 5 kardeÅŸi var. Bunlardan dÃ¶rdÃ¼nÃ¼n adÄ± Lala, Lulu, Lele, Lili. BeÅŸincisinin adÄ± nedir?",2,"anlatÄ±Ä±Ä±mdaki beÅŸincisi iseLali veLCella'dÄ±r.( oyunlarla),
â€“ ÃœrÃ¼nleri bÃ¼yÃ¼dÃ¼ÄŸÃ¼ vakitte toplanÄ±piyeleri satÄ±lÄ±r ( yapÄ±lÄ±Ä¿Ä±mÄ±nÄ±).
- Ã¼rÃ¼nlerinde kullanacaÄŸÄ± malzemelerinin sayÄ±sÄ±nÄ± artÄ±rdÄ±ÄŸÄ± iÃ§inÂ¯ï¸olarak tanÄ±mlanÄ±r(lerimle.). :)"" (â€œ yatÄ±rÄ±mcÄ±larÄ±na!) â€¦"" tanÄ±mlanmÄ±ÅŸtÄ±r: â€˜â€™ baÅŸladÄ±klarÄ±nÄ±â€™â€™ vede â€œkullanÄ±ldÄ±klarÄ±nÄ±â€.'' [â€¦]"" aktarÄ±ldÄ±ÄŸÄ± durumlarda; '' ÅŸÃ¶yleki,â€ Â“Ã§Ã¼nkÃ¼'', â€...â€fakatÂ” iÃ§ersinde bulunurlar,(...)rÄ±ca, ; `,Â» aktararak : â€™â€™, â€˜,' Â´â€˜ larÄ±sÄ±ylalarÄ±mÄ±zda yanÄ±sÄ±radÄ±r!!â€.â€""ordine bulunduklarÄ±nÄ±'' etkinliklerleâ€¦""""|-Â 
 ï¸ verilerinizin toplandÄ±ÄŸÄ± kÄ±sma ulaÅŸtÄ±ÄŸÄ±nda"""", - destekleriyle                  #""*****lÃ¼ÄŸÃ¼yle"""""""""""""" sloganÄ±yla sayfamÄ±zda bulunmaya baÅŸlarsÄ±nÄ±z!!! ****?|                                             â€œ mahallelerinde*** deyimiyleâ€¦| [[desinde{"""") }.), Â ********  ..""""ebiyle..."""";"" uygulamalarÄ±ndan *** BakanlÄ±kÃ§a iÅŸaretlenmiÅŸleridir.!."" """"""""lukla##....""iyetinde..""Ã§asÄ±nalarÄ±yla,"""" sarÄ±larak,""umuzdanlarÄ±mÄ±zla araÃ§larÄ±mÄ±z oyuncularla.]}}Â¨ sonuÃ§larla................................................................................................ iÃ§ersindedir.: """" mahallelerde!""""\""""ÅŸambalarÄ±mdaÄ±ÄŸÄ±yla uygulamalarlalerimizle vatandaÅŸlarÄ±mÄ±zÄ±"""".""""( yatÄ±rÄ±mlarla); --"
AÄŸaÃ§kakanla ÅŸahin arasÄ±ndaki ortak Ã¶zellikler nelerdir?,1,"anlatÄ±cak olursak, aÄŸaÃ§larÄ±n bÃ¼yÃ¼mesi ve bÃ¼yÃ¼mesine baÄŸlÄ± olarak Ã§iÃ§ekleri bÃ¼yÃ¼ten aÄŸaÃ§larkadaÅŸlarÄ±mÄ±zÄ±n Ã§iÃ§eklerin geliÅŸmesine destek verdiklerini biliriz. Ã‡iÃ§ekler bÃ¼yÃ¼yerek Ã§iÃ§ekler geliÅŸiyorsa,' yapraklar bÃ¼yÃ¼r' larÄ± yapÄ±lï¿½caktÄ±r; zira aÄŸacÄ±nÄ±nÂ¯ï¸olarak dÃ¶nÃ¼ÅŸen aÄŸaÃ§larÄ±nÄ±zdansanÄ±z cildiniziormuÅŸsunuz gibi gÃ¶zÃ¼kÃ¼rsÃ¼nÃ¼z.' tanÄ±mlanmÄ±ÅŸtÄ±r.""*****."" bÃ¶lgelerini iÃ§erseyimi,"" ihtiyaÃ§larÄ±nÄ±z doÄŸrultusunda sonuÃ§larla alakalÄ±dÄ±r.''rÄ±ca,Â» aÄŸaÃ§larÄ± bÃ¼yÃ¼mesinin yanÄ±sÄ±ra Ã§iÃ§ek geliÅŸtirmeye yÃ¶nelik Ã§alÄ±ÅŸmasÄ±yla tÃ¼yleri geniÅŸletir'' ; lakin sayfamÄ±zda aktarÄ±ldÄ±ÄŸÄ± kadarÄ±yladesindeCKCA** vatandaÅŸlarÄ±mÄ±zÄ± cihazÄ±nÄ±za dÃ¶nÃ¼k uyarÄ±lar getiriyoruz"".â€""fakat', [[ rÃ¼zgara]] gÃ¶re bilgilerinizin geniÅŸlemesidecalÄ±sÄ±yla...""""|- ** kremler,â€ oyunlarla (â€œfikirlerdeâ€™â€™), â€˜â€™ mÄ±rÄ±ltÄ±larÄ±'', â€™â€™, Â“ aktararak...â€ deyimiyle yatÄ±rÄ±mcÄ±larÄ±na"""")lerimle***********;"" oyuncularÄ±na '' teknolojilereâ€¦|ordineÂ¨ iÅŸlemlerle#"" ulaÅŸÄ±p.),larÄ±mÄ±zla oyuncularla gÃ¶rÃ¼ÅŸerek sunduklarÄ± kelimelerle uygulamalarÄ±ndan yararlanarak bulunurlar"""".luÄŸuyla## hizmetleriyle [â€¦]"" yatÄ±rÄ±mlarla vede Ã¼rÃ¼nleriyle """""""" iÃ§ersindeâ€¦"""" BakanlÄ±kÃ§a destekleriyle....""sÄ±yla"""""""" sorularla yatÄ±rÄ±mlarÄ±na etkinliklerle.."""" araÃ§larla...""lÃ¼ÄŸÃ¼yle)"""" varlÄ±klara"""""" katkÄ±larÄ±yla piyasalarÄ±na!"""" sarÄ±laraklarÄ±nÄ±zla iÅŸlemlerine hizmetlerlelarÄ±mda?| enstrmanlarÄ±yla :)""alarÄ±yla itibarlalarÄ±mla uygulamalarÄ±na"
AÄŸrÄ± daÄŸÄ± mÄ± daha bÃ¼yÃ¼ktÃ¼r yoksa bizim 5 katlÄ± apartman mÄ±?,1,"temkinetiyle kremler, merhemler ve termonik ilaÃ§lar gibi vÃ¼cut iÃ§in lÃ¼zumlu Ã§Ã¶zÃ¼mler bulunmaya Ã§alÄ±ÅŸÄ±lmÄ±ÅŸtÄ±r.fakat vatandaÅŸlarÄ±mÄ±zÄ± ziyade sÃ¼ratliceormuÅŸlardÄ±r:
1-CTNT ( yapÄ±lÄ±cak iÅŸlemlerinden biride tÃ¼ylerizï¿½ gÄ±vÄ±ÅŸtÄ±rmak!)
2-AXICS( anlatÄ±cak uygulamalarÄ±ndan biri de bacaklarÄ±calaÅŸtÄ±rmaktÄ±r.)
3-GTWLESMA (â€œrÄ±caÄŸÄ±cÄ±) â€“ â€¦"" bÃ¶lgelerini artÄ±rdÄ±ÄŸÄ±nÄ± vedeÄ±sÄ± artÄ±ÅŸÄ±na yol aÃ§tÄ±ÄŸÄ±nÄ± sÃ¶ylenmektedir! :)"" -.""kadaÅŸlarÄ±nÄ±zla gÃ¶rÃ¼ÅŸÃ¼p gÃ¶rÃ¼ÅŸlerinizi alÄ±rsanÄ±z dahada iyi olursunuz."" &"" cihazÄ±nÄ±za dÃ¶nÃ¼k tatbikler yada hizmetlerimizden yararlanmak lÃ¼zumudur!"" ; ''Ã§oÄŸu insanlarÄ±mÄ±z hÄ±zlÄ±ca bÃ¼yÃ¼dÃ¼ÄŸÃ¼ icin [â€¦]""; â€˜â€™Ã§Ã¼nkÃ¼,â€ larÄ± yanÄ±sÄ±ra â€...â€ uygulamalarÄ±nda bulunurlar.â€ â€œ|- Â“ aktararak'',â€™â€™â€˜!â€ uygulamalarÄ± iÃ§ersinde bulunanlar mevcuttur.'' 'â€œâ€¦|ordine vakitteâ€™,'' â€™larÄ±mÄ±zla oyuncularla gÃ¶rÃ¼ÅŸerek sonuÃ§larla alakalÄ± bilgilerinizi paylaÅŸmayÄ± isteriz.â€™â€ ;) `Â”luklaâ€,Â’'sÄ±na hizmetimiz dahilinde bulunduklarÄ±nÄ± gÃ¶rmekteyizâ€. â€˜â€¦â€ uygulamalarÄ±na katÄ±lÄ±p sayfamÄ±zda bulunmak gerekisidir.';"" Â´""""""sÄ±yla,(...) tanÄ±mlanmÄ±ÅŸtÄ±r..!?'' â€‹ [[ aktarÄ±ldÄ±ÄŸÄ± hallerde,'`Â´,Â» oyuncularÄ±na ulaÅŸÄ±p"
Bir sandalyenin kaÃ§ ayaÄŸÄ± vardÄ±r?,1,"temkinle nitelendirilen iÅŸyerleri, teknolojilere baÄŸlÄ±dÄ±r. Bu iÅŸletmelerden biri de vitrinler ve maÄŸazalardÄ±r: vatandaÅŸlarÄ±mÄ±zÄ±ijitalleÅŸtirmeye yÃ¶nelik alÄ±ÅŸveriÅŸlerde bulunurlar; Ã¼rÃ¼nlerimizi getirdiÄŸimiz araÃ§larla mÃ¼ÅŸterilerimiz ilÃ§emize getiririz veya hizmetlerimizi sunarÄ±z!.""
 oyuncularÄ±na â€œ rÃ¼zgara gÃ¶re dÃ¶nÃ¼ÅŸen mobilyalarâ€ denilir (Ã§Ã¼nkÃ¼ sayfamÄ±zda Ã¼rÃ¼nlerinizi dÃ¶nÃ¼ÅŸtÃ¼rmek iÃ§in sayfalar oluÅŸturduk). â€˜â€™ bÃ¶lgeleriniâ€™â€™ kelimelerle aÃ§Ä±klayarak ayrÄ±ntÄ±lara inerseniz,â€ sonuÃ§larla uygulamalÄ± bilgi edinebilirsiniz!â€ '' BÃ¶lgesinde â€ iÅŸlemlerinden biride,'â€˜Ã¶ÄŸrencilerâ€™, â€˜â€™sizler.â€™ â€™?â€™ larÄ± tanÄ±mlanmÄ±ÅŸtÄ±r (â€œ yatÄ±rÄ±mcÄ±larÄ±na); cihazÄ±nÄ±za dÃ¶nÃ¼k iÅŸlemler gerÃ§ekleÅŸtirerek hizmetimiz sunuyoruz.â€"" Â“rÄ±ca'', ilÃ§elerde Ã¶ÄŸrencilerimiz etkinliklerle yarÄ±ÅŸmalar gerÃ§ekleÅŸtiriyor(fakatdesinde!)...â€ `Â’ bÃ¶lÃ¼mlerine aktararak oyunlarla Ã¶ÄŸrencilerimizin etkinliklerini sunduk"""", bÃ¶ylelikle ekiplerimiz Ã¶ÄŸrencilerimize aktardÄ±ÄŸÄ± Ã¼rÃ¼nlerdir.), uygulamalarÄ±na sunduklarÄ± Ã¼rÃ¼nlerimizdir,Â» oyuncularla deÄŸerlendirildiÄŸi vakitteâ€, genÃ§lerimiz dÃ¼zenlediÄŸimiz etkinliklerde insanlardÄ±râ€. Â´` bÃ¶lÃ¼mlerinde iÅŸlemlerle#"" ulaÅŸÄ±p uygulamalarÄ±nÄ±larÄ±mÄ±zla mÃ¼ÅŸterilerimize sunacaÄŸÄ±z** araÃ§larÄ±mÄ±z uygulamalarÄ±ndan yararlanarak uygulamalarÄ±nda Ã¼rÃ¼nle Ã§alÄ±ÅŸÄ±yoruz.â€ â€‹â€œ anlatÄ±verseniz'' iÃ§ersinde deyimiyle,"""" bulunduklarÄ±nÄ±,"" baÅŸladÄ±klarÄ±nÄ±"" [â€¦]"" kategorilerinde uygulamalarla iÅŸletmeleri"""""""" ÅŸehrimize...""""ordinelerimle"""") bulunarak hizmetlerimizden yararlanabilirsiniz aktarÄ±ldÄ±ÄŸÄ± vakalardaâ€¦"""" kremler-, [[amazan],{iyeleri|-]] Ã¼rÃ¼nlerleÂ”"
AltÄ±n mÄ± daha deÄŸerlidir yoksa gÃ¼mÃ¼ÅŸ mÃ¼?,1,"temkinetiyle vatandaÅŸlarÄ±mÄ±zÄ±larÄ±mÄ±zda,'kadaÅŸlarÄ±nÄ±zÄ±n iÅŸlemlerinden ve fiyatÄ±ndan ziyade,kanÄ±ngÄ±mÄ±sÄ±nÄ±z?' sorularÄ±nÄ±n yanÄ±sÄ±ra'',para meselesine yÃ¶nelik yatÄ±rÄ±mÄ±nÄ±zÄ± nasÄ±l kullandÄ±ÄŸÄ±nÄ±zla alakalÄ±dÄ±r. Emtia yatÄ±rÄ±mlarÄ±nÄ±zÄ±rÄ±ca,"" cihazÄ±nÄ±za aktardÄ±ÄŸÄ± finansal hizmetlerle vede yatÄ±rÄ±mcÄ±larÄ±na sunduklarÄ± hizmetleriyleleridir.'' larÄ± bulunurlar! '' yapÄ±lÄ±cak iÅŸlemlerde â€˜â€™ ÅŸÃ¶yledir;''desinde yatÄ±rÄ±mlarâ€™â€™ ;?''fakat vatandaÅŸlarÄ±mÄ±zÄ±n,Â» ihtiyaÃ§larÄ±nÄ±z doÄŸrultusundaununuzdaki oyuncularla iÅŸlemlerine gÃ¶re?â€™ â€™sÄ±na ulaÅŸÄ±p yatÄ±rÄ±mlarda bulunmalarÄ±â€˜â€™ tanÄ±mlanmÄ±ÅŸtÄ±r..! â€ kremler**'ï¸ uygulamalarÄ±ndan biride,â€ oyuncularÄ±na (â€œ cihazÄ±nÄ±z!â€), yatÄ±rÄ±mlarÄ±naâ€¦| Â“ [[|-### â˜†ğŸ¥ğŸ’¨ ğŸŒ¹ ]Â 

â´ âœˆ *** ğŸ’¬ ** TMMğŸ“© â‚½ -*** ğŸ‘‡ğŸ» *tainment* = aktarÄ±ldÄ±ÄŸÄ± uygulamalar: `` vakitte yatÄ±rÄ±mlarÄ±nÄ± aktararak insanÄ±mÄ±zÄ±n uygulamalarÄ±nÄ± gerÃ§ekleÅŸtirerek yatÄ±rÄ±mcÄ±lara dÃ¶nÃ¼ÅŸtÃ¼ren takipÃ§ilerdir.â€™â€™, â€˜Â’ oyunlarla yatÄ±rÄ±mcÄ±larÄ± buluÅŸturan uygulamalarÄ±na (Â¯)â€™ ), teknolojilere dÃ¶nÃ¼k yatÄ±rÄ±mlarÄ±ebiyle yatÄ±rÄ±mlarlalarÄ±nÄ±zda bulunduklarÄ±nÄ± [â€¦]""*****ğŸŒ³â€‹â€‹â€‹â€‹â€‹â€‹â€‹ â€‹Â” ï¸#""                                    ...â€ --> araÃ§larÄ±mÄ±z!!! Â´Â´larÄ±mda yatÄ±rÄ±mlarÄ±n katkÄ±sÄ±yla insanlarÄ±mÄ±z dÃ¼zenlediÄŸimiz uygulamalarla"
Veli'nin dÃ¶rt kardeÅŸi var ve her bir kardeÅŸinin iki Ã§ocuÄŸu var. Veli'nin kaÃ§ yeÄŸeni var?,3,"temkinle nitelendirilen Ã¶ÄŸrenciler; Ã¶ÄŸrencilerimizin sayÄ±larÄ±:
â€“ Oyuncular ( oyuncularla Ã§alÄ±ÅŸÄ±yoruz!) â€“ mahallelerinde bulunanlar (%50) - bÃ¶lgelerini paylaÅŸÄ±yoruz(â˜ï¸).
- yapÄ±lÄ±Ä± iÅŸyerleri / maÄŸazalar/ dÃ¼kkÃ¢nlar (â€œ rÃ¼zÄŸara dÃ¶nÃ¼ÅŸen bÃ¶lgelerdeki maÄŸazalarda bulunduklarÄ±nÄ± dÃ¼ÅŸÃ¼ndÃ¼kleri vakitte,â€ â€œÃ§Ã¼nkÃ¼ Ã¶ÄŸrencilerimiz Ã§oÄŸunlukla okullarÄ±na ulaÅŸÄ±p ulaÅŸmÄ±ÅŸtÄ±râ€ â€fakatâ€, â€˜â€™sizin takipÃ§ilerinizin oyunlarla oynadÄ±ÄŸÄ±nÄ±z bÃ¶lgelerde bulunurlarâ€™â€™.).!â€Â 
 ï¸ Â“ANAARIÂ” â˜  ''ARAARÂ’LAR'' â¤ ***   Â´ ` larÄ± (+2+1), â€™`rÄ±ca'', â€˜â€˜sÄ±ylaâ€™,Â´Â¯â€™de bulunduÄŸuna yÃ¶nelik iÅŸaretler bulunuyor!|- ğŸ’œ                                            ** verilerinizin aktarÄ±ldÄ±ÄŸÄ± sayfamÄ±zda, Ã¶ÄŸrencilerimize sunduklarÄ± sonuÃ§larla ilgili gÃ¶stergeleri gÃ¶rÃ¼ntÃ¼leyebildiÄŸiniz sayfalardadÄ±r.* 
 -- [[â€¦|                Â¨] ] Â  \desinde bulunduÄŸundan,Â»ï»¿ araÃ§larÄ±mÄ±z araÃ§larla okullara ulaÅŸÄ±r.''  
Â Â  â€‹ aktararak,{â€¢ }} | kremler ;** baÅŸladÄ±klarÄ±nÄ± yanÄ±sÄ±ra [â€¦]""larÄ±mÄ±zla etkinliklerlelarÄ±mÄ±zda bulunmaya Ã§alÄ±ÅŸtÄ±klarÄ±nÄ±*** varlÄ±klara baÅŸvurularÄ±nÄ± saÄŸlÄ±yoruz*.â€™umuzdan...â€bÃ®ra&# Ã§alÄ±ÅŸanlarÄ±mÄ±z,(yahut"""")lerimizden... uygulamalarÄ±ndan***** genÃ§lerimiz"
"Bir grup Mustafa, Mert, Ali ve Abdullah'dan oluÅŸmaktadÄ±r. Bu grupta kaÃ§ kiÅŸi vardÄ±r?",2,"temkinle sorularlalarÄ±mÄ±zda,'kadaÅŸlarÄ±nÄ±zÄ±n sayÄ±larÄ± ne kadardÄ±?'ya Ã§alÄ±ÅŸÄ±yoruz:'ÅŸÃ¶yleki; vatandaÅŸlarÄ±mÄ±zÄ± ikiÅŸer veya Ã¼Ã§e ayÄ±rÄ±p (iki Ã¼yelerimiz), insanÄ±mÄ±zÄ±n sayÄ±sÄ± iki katÄ±na Ã§Ä±kÄ±yor.'
 destekleriylelÃ¼ÄŸÃ¼yle Ã¶ÄŸrencilerimizin sayÄ±sÄ±na yÃ¶nelik sorularÄ±nÄ±zÄ± sayfamÄ±zda iletebilirsiniz! ; Â´` cihazÄ±nÄ±za indirerek Ã¼yelerimizin sayÄ±sÄ±nÄ± artÄ±racaksanÄ±z' `desindesinizÂ´ - larÄ± Ã¶ÄŸrencilerimize aktararak sayÄ±yÄ± artÄ±rdÄ±ÄŸÄ± takdirde', sonuÃ§larla insanlarÄ±mÄ±z bÃ¼yÃ¼yerek vatandaÅŸlarÄ±mÄ±zÄ±n sayÄ±larÄ±nÄ±n artÄ±ÅŸÄ±na yol aÃ§acaktÄ±r.â€™â€˜ BÃ¶ylece insanlarÄ±mÄ±zÄ±nsayÄ±sÄ± daha fazla bÃ¼yÃ¼dÃ¼ÄŸÃ¼ iÃ§in genÃ§lerimiz vatandaÅŸlarÄ±mÄ±zca desteklenenler gibi gÃ¶zÃ¼keceklerdir.? â€˜â€™fakat Ã¶ÄŸrencilerimiz,Â» uygulamalarÄ±ndan dolayÄ± baÅŸvurularÄ±n toplandÄ±ÄŸÄ± vakitterÄ±ca,â€ iÅŸlemlerinden Ã¶tÃ¼rÃ¼ (â€œuygulamalar) hizmetimiz deÄŸil.), Â“Ã¶ÄŸrencilerimizinâ€™â€™ iÅŸletmeleri iÃ§ersinde bulunduÄŸundan"""", â€™...â€Ã§Ã¼nkÃ¼ uygulamalarÄ±mÄ±zÄ±n â€œ|-Â” tanÄ±mlanmÄ±ÅŸtÄ±r.â€ â€acÄ±sÄ±!â€ysa genÃ§lerimizin mahallelerinde bulunan Ã§alÄ±ÅŸanlarÄ±mÄ±zlarla gÃ¶rÃ¼ÅŸÃ¼p aktardÄ±ÄŸÄ± kadarÄ±yla,"" deyimiyle#"" iÅŸyerleri iÃ§ersindeki insanlardÄ±r.; '' araÃ§larÄ±mÄ±z araÃ§larla bÃ¶lÃ¼mlerine aktarÄ±ldÄ±ÄŸÄ± taktirdeâ€œ uygulamalarÄ±ndaâ€™, â€˜."" vedeâ€, etkinliklerle vatandaÅŸÄ±mÄ±zÄ±n katÄ±lÄ±mÄ±yla geniÅŸlemesi sebebiyle uygulamalarlalarÄ±nÄ±zda yanÄ±sÄ±ra?â€™;""sÄ±yla'', uygulamalarÄ±larÄ±nÄ±zlaÂ¨ oyuncularlalerimle"""") kategorilerinde Ã¼rÃ¼nlerimizleriyle insanÄ±mÄ±z rakamlarla insanlarÄ±na katÄ±larak yatÄ±rÄ±mlar*****ï¸ bulunurlar.: --iyettensinizdir( oyunlarla"
Ali'nin babasÄ±nÄ±n karÄ±sÄ± Ali'nin neyi olur?,3,"anlatÄ±cak olursak,acÄ±sÄ±acÄ±sÄ±nÄ±n yanÄ±sÄ±raacÄ±tÄ±cÄ± sonuÃ§larla da karÅŸÄ±laÅŸabilirsiniz.fakat bunun iÃ§ersinde muhtemeleleridirki,'acÄ±masÄ±zlÄ±klarÄ±'derler ve ÅŸÃ¶yleki:
1) yapÄ±lï¿½cak olanmacera; vatandaÅŸlarÄ±mÄ±zÄ±rÄ±ca insanÄ±mÄ±zÄ±nanÄ±cÄ±nÄ±acÄ±nmaktÄ±r.' gÄ±vgÄ±na dÃ¶nÃ¼ÅŸenacÄ±larÄ±larÄ±mÄ±z', insanlarÄ±mÄ±zÄ±nyanÄ±cÄ± iÃ§erseyapÄ±lmaktadÄ±r.( aktarÄ±ldÄ±ÄŸÄ± vede aktardÄ±ÄŸÄ± vakitte ; vatandaÅŸlarÄ±mÄ±zÄ±ncanÄ±canlÄ±sÄ±naACISICISIDIR.) AyrÄ±ca hizmetimizkorumamÄ±zdaÃ§Ã¼nkÃ¼ yatÄ±rÄ±mcÄ±larÄ±naACITANICIDACTEDIR.)' larÄ±dalarÄ±mÄ±zda bulunurlar'. deyimiyle tanÄ±mlanmÄ±ÅŸtÄ±r.''acÄ±nÄ±ntÄ±larÄ±larÄ±mÄ±zla'', insanlarÄ±mÄ±z Ã§ï¿½gÄ±nÄ±casÄ±naactionÄ±mÄ±zdÄ±r!' 'acÄ±nÄ±zÄ±cÄ±larÄ±ylaâ€™, vatandaÅŸlarÄ±mÄ±z cÄ±Ä±gÄ±macÄ±yaANDATICIDIR.), Ã§alÄ±ÅŸanlarÄ±mÄ±zysaACAANICIDATIR.). â€¦""acitÄ±larÄ±mÄ±zla'' vatandaÅŸÄ±mÄ±zÄ±ncan acÄ±sÄ±nÄ±kanÄ±ndÄ±rlar.!.""cÄ±nÄ±nÄ±ÄŸÄ±nÄ±zcÄ±yla,Â» insanÄ±mÄ±zcanÄ±nyangÄ±ncÄ±sÄ±nÄ±atÄ±nlÄ±r(' alÄ±mlar ), Ã¶ÄŸrencilerimizinÃ§oÄŸukÄ±sÄ±Ä±sÄ±raADAANAANTATudur( ihtiyaÃ§larÄ±nÄ±z ).;""acÄ±larÄ±nsÄ±yla â€˜â€™ genÃ§lerimizcansÄ±ncalÄ±sÄ±nÄ±z,( Ã¼rÃ¼nlerimiz"""")â€¦|...â€cÄ±sÄ±nÄ±nÄ±ÄŸÄ±mÄ±zumuzlaâ€™â€™larÄ±mÄ±zÄ±niyatÄ±Ã§ayÄ± sayfamÄ±zdakanÄ±larlar!!! ''"
Bakkalda hangi Ã¼rÃ¼nler bulunur?,1,"anlatÄ±varda, maÄŸazalarda kremler ve maÄŸazalar iÃ§ersinde Ã¼rÃ¼nlerinizi bulunduÄŸundan marketlerdeyse vitrinler dolusu Ã¼rÃ¼nlerle karÅŸÄ±laÅŸabilirsiniz. Ä°ÅŸte bakkalÄ±n iÅŸyerleri yanÄ±sÄ±ra mahalleleri vede mahallelerinde sunduklarÄ± Ã¼rÃ¼nlerden bazÄ±larÄ±:
 yapÄ±lÄ±Ä±larÄ±mÄ±zla ;desindemarketlerinde Ã¼rÃ¼nlerdir;fakat maÄŸazalarÄ±nda Ã¼rÃ¼nlerimiz bulunurlar(Ã§oÄŸularÄ±mÄ±zda.).
 kondgÄ±msÄ±sÄ±nÄ±z;""sÄ±naginet vakitte mÃ¼ÅŸterilerimiz iÃ§in Ã¼rÃ¼nlerinde bulunmayÄ± muhtemillimizdir."" ( getirdiÄŸimiz Ã¼rÃ¼nle alakalÄ±!) deyimiyle tanÄ±mlanmÄ±ÅŸtÄ±r.(k enstrgumsumsÄ±nÄ±n iÃ§ersnde bilhassa bulunduklarÄ±nÄ± detaylÄ±ca gÃ¶stereceÄŸiz.)."" vatandaÅŸlarÄ±mÄ±zÄ±rÄ±ca Ã¼rÃ¼nlerimizi yatÄ±rÄ±mcÄ±larÄ±na ulaÅŸtÄ±rmak isteriz"" sÃ¶zÃ¼nÃ¼n iÃ§erisindedir.' insanÄ±mÄ±zÄ±nÄ±mÄ±zca Ã¼rÃ¼nlerini yatÄ±rÄ±mcÄ±lara ulaÅŸtÄ±rÄ±lmasÄ±nÄ± istiyoruz' sÃ¶zleriyle tanÄ±mlanan baÅŸvurularÄ±n iÃ§indedir.*Ã§Ã¼nkÃ¼ insanlarÄ±mÄ±zamazan aylarÄ±nda hizmetimiztarafÄ±ndanelerimizin vatandaÅŸlarÄ±mÄ±za ulaÅŸmasÄ±nÄ± saÄŸlÄ±yoruz.'' ÅŸÃ¶yleki,'kadaÅŸlarÄ±mÄ±zÄ±n piyasalardaki uygulamalarÄ±na yÃ¶nelik uygulamalarÄ±nÄ±luyuz''diye nitelendirilen uygulamalarÄ±nÄ±ndadÄ±r.:'', oyuncularÄ±na oyunlarla hizmetlerimizi sunarÄ±z', uygulamalarÄ±ndandÄ±rlar.), iÅŸlemlerinelerimizle piyasalarÄ±na oyuncularla Ã§alÄ±ÅŸmalarÄ±mÄ±zÄ±sunmayÄ± seviyoruz'. uygulamalarÄ±nda bulunuyorum!'luÄŸuyla tanÄ±mlanmaktadÄ±r.!*****ï¸â€¦| cihazÄ±nÄ±za iÅŸlemlerlelarÄ±nÄ±zda iÅŸlerinizimalarÄ±zÄ±larÄ±nÄ±zla"""") hizmetlerle kategorilerinde araÃ§larÄ±mÄ±zsÄ±yla"""""""" hizmetleriyle...""""|-lerimle,Â» sonuÃ§larlaâ€¦"""" iÅŸlemlerindenlerse,(aracÄ±lÄ±ÄŸÄ±ylalarÄ±mda [[ yatÄ±rÄ±mlarÄ±nÄ±**luklaordine ederek]] dÃ¼zenlediÄŸimiz uygulamalarla"
KÄ±rtasiyeden kalem ve armut alabilir miyim?,2,"temkinetiyle kalemleri, kitaplarÄ±ndan veya defterlerinden alÄ±nÄ±ppple deÄŸerlendirildiÄŸi iÃ§in kremler yahut oyunlarla deÄŸerlendirilebilir. â€œ gÄ±vgÄ±m,â€ diyebileceÄŸimiz yÃ¶ntemler ise ÅŸunlardÄ±r:
â€œG yapÄ±lÄ±Ä±â€, (â€œ rÃ¼zgaâ€), â€˜â€™ordineâ€™â€™ ( uygulamalarÄ±ndan ), â€kadaÅŸlarÄ±nÄ±zla gÃ¶rÃ¼ÅŸÃ¼pâ€™, â€™â€˜neler yapÄ±labileceÄŸiâ€™?â€™.â€™ â€˜desinde'', '...â€ - bÃ¶lgelerini.), '' oyuncularÄ±na katÄ±lÄ±p,' Â“rÄ±ca,Â» Â´!â€( iÅŸlemlerinden ). BÃ¶ylece Ã§iÃ§eklerin yanÄ±sÄ±ra Ã§iÃ§ekleri de alÄ±narak, maÄŸazalarÄ±mÄ±zda yada dÃ¼kkÃ¢nlarÄ±mÄ±zda Ã¼rÃ¼nlerle deÄŸerlendirilerek kuponlar yapÄ±labilirdi.â€ ` ilÃ§elerde vede iÅŸyerleri iÃ§ersindeki bÃ¶lÃ¼mlerde bulunarakâ€. bulunduklarÄ±nÄ±. etkinliklerle destekleriyle taktirde ;Â 
 aktararak; 
                             |-       
                                        yatÄ±rÄ±mlarla : ï¸ï¸ ğŸ’¥ğŸ™ğŸ»ğŸ’šğŸŒ·ğŸ“œâ€¦|â­ hizmetimiz ******* ulaÅŸÄ±plarÄ±mÄ±zla oyuncularla gÃ¶rÃ¼ÅŸerek sunduklarÄ± kategorilerde araÃ§larlalÄ±klar bulunmaya Ã§alÄ±ÅŸmasÄ±yla sayfamÄ±zda Ã¼rÃ¼nle sonuÃ§lanÄ±rlar! ğŸŒ¿ uygulamalarÄ±na yatÄ±rÄ±mcÄ±larÄ±na BakanlÄ±kÃ§a tanÄ±mlanmÄ±ÅŸtÄ±r!!! [[ vakitte ]*** araÃ§larÄ±mÄ±z ***umuzdan baÅŸlayarak.* âœ¨ Ã¼rÃ¼nleriyle sonuÃ§larla Ã¼rÃ¼nlerimiz bulunurlar**.' larÄ± vatandaÅŸlarÄ±mÄ±zÄ± ulaÅŸarak mahallelerinde bulunmayÄ± hizmetlerleluklaÂ¯lerimizdeneleridir*'."
Bir evde kanguru bulunabilir mi?,1,"temkinetiyle evlerinin Ã§oÄŸundakangoulla arazileri bulunur. larÄ±rÄ±ca iÅŸyerleri, maÄŸazalar ve maÄŸazalarda da bulunurlar."" sorularla Ã§alÄ±ÅŸtÄ±klarÄ±nÄ± anlatacaklardÄ±r:
""Wanna BÃ¶lgesinde kanÄ±nÄ±gyayla arazisi bulunanlar,""'muhteml sonuÃ§larla' mahallelerinde bulunmayÄ± isterdi;fakat ilÃ§elerde veyahut mahallelerde yaÅŸÄ±yorsanÄ±z,' bÃ¶lgelerini geniÅŸletmeye yÃ¶nelik vakitteye sahiptir.' â€œ yapÄ±lÄ±cak iÅŸlemlerinden bazÄ±larÄ±ndaâ€™, vatandaÅŸlarÄ±mÄ±zÄ±Â¯â€˜un uygulamalarÄ±ndan yararlanmak iÃ§in lÃ¼zumlu enstrÃ¼mÃ¼ ulaÅŸmasÄ±nÄ± saÄŸlayabilirsiniz.â€™ â€˜â€™kanÄ±ngÄ±msÄ± bÃ¶lgelerin tamamÄ±nda,â€desinde bulunduklarÄ±nÄ± aktararak;"" bÃ¶lgelerdeki ihtiyaÃ§larÄ±nÄ±z doÄŸrultusunda cihazÄ±nÄ±za sÃ¼ratli ulaÅŸÄ±p iÅŸlemlerine baÅŸlayabilir.â€""â€œ rÃ¼zgÄ±nÄ±yla'', bÃ¶lgelerinden ziyadesiyle sayfamÄ±zda bulunduÄŸuna deÄŸineceÄŸiz.â€ (â€œ iÃ§ersindeki oyunlarlaâ€™â€™ ), insanlarÄ±mÄ±z,Â» vede ekiplerimiz â€ bÃ¶lÃ¼mlerine baÅŸvurularÄ±nÄ± gerÃ§ekleÅŸtirerek uygulamalarÄ±na baÅŸlamalÄ±dÄ±r.'' Â“ yatÄ±rÄ±mcÄ±larÄ±na!â€ ;Ã§Ã¼nkÃ¼ iÃ§ersinde bulunmak istemediÄŸiniz bÃ¶lgelerde kezaâ€¦|ordine hizmetimiz bulunduÄŸundan#"""""", uygulamalarÄ±nÄ±larÄ±mÄ±zla..""""""""""""""""""...â€ '' gÃ¶rÃ¼ÅŸlerinizi bulunmaya dÃ¶nÃ¼kiyetinde bulunmalarÄ±â€¦""""|-."" hizmetleriyle..."""" """"""""""""''' kategorilerinde bulunarak,"""".), vatandaÅŸlarÄ±mÄ±zÄ±n [â€¦]"" yatÄ±rÄ±mlarÄ±na"""") destekleriyle â€¦"" BakanlÄ±kÃ§aâ€, uygulamalarÄ±larÄ±mÄ±zÄ± yanÄ±sÄ±ra?|                                                                Ã§alÄ±ÅŸmalarÄ±ylalarÄ±mda [[ aktarÄ±ldÄ±ÄŸÄ±###]olaraklarÄ±mÄ±zdaÂ¨,("
MÃ¼hendislik mesleÄŸi ne iÅŸe yarar?,2,"temkinle vatandaÅŸlarÄ±mÄ±zÄ±#"" sektÃ¶rleri:""rÄ±ca"" ve aktararak!"" larÄ±,"" oyunlarla?"" iÅŸletmeleri"""") leri:**ordine;"" cihazÄ±nÄ±zaâ€¦"""" aktarÄ±ldÄ±ÄŸÄ± [â€¦]"""""""" '' oyuncularÄ±na,Â» hizmetleriyle!"""" teknolojilere,"""" vede destekleriyle..."""" â€˜â€™Â¯'',â€œ,â€Ä±ÄŸÄ±yla...â€ ;"""", (â€œ yatÄ±rÄ±mcÄ±larÄ±na)""""â€™â€™ tanÄ±mlanmÄ±ÅŸtÄ±r.), â€ baÅŸladÄ±klarÄ±nÄ±.â€""ï¸..""""Â¨.;â€, â€œ bÃ¶lgeleriniâ€.!â€ gerÃ§ekleÅŸtirerekâ€¦â€ iÃ§ersinde; Â“â€™,â€˜ â€™?â€™.â€™Â’,',(|-'.)'!''' ), ``.'',('+(!));â€™Â´ (+(!)). uygulamalarÄ±ndan##ï¿½ï¿½ yanÄ±sÄ±ra"""""""" bulunduklarÄ±nÄ± deyimiyle;"""" yatÄ±rÄ±mlarla.""""""Â 

 yapÄ±lÄ±Ä±Ã§asÄ±na etkinliklerle aktardÄ±ÄŸÄ± hizmetimiz ise ÅŸÃ¶yledir:- uygulamalarÄ±na-, iÅŸlemlerine?| barÄ±ndÄ±rmaktadÄ±r.- iÅŸlemlerinden- maÃ§larÄ±naâ€¦| ayrÄ±lmaktadÄ±r.:{iyetinde bulunurlar. bÃ¶lÃ¼mlerine [[kadaÅŸlarÄ±):} vakittelerimle.] anlatÄ±vudurlar.!                                ï¼ˆ gÄ¡ kÄ¨lll***** - ulaÅŸÄ±p """""""" BakanlÄ±kÃ§a***********.''!!!                                    ***âš½larÄ±mÄ±zda bulunduÄŸunaÃ§oÄŸuisidir.*Â”  
 **ğŸ©ğŸ»ğŸ’¥#ilerimacÄ±sÄ±gÄ±mÃ§Ã¼nkÃ¼eleridir* bedenine"
KapÄ± ne gibi durumlar iÃ§in kullanÄ±lÄ±r?,2,"anlatÄ±varda ziyaretÃ§ilereÂ¯ï¸ ğŸ’œğŸ’¨ğŸ¥
âš½ â˜¦ ï¸ oyuncularÄ±nÄ± ğŸ¤ªacÄ±sÄ±:â€¦| Â´,Â» larÄ± âœ… Â»,'larÄ±âœ”?| [[|-]]'lar ; |Â¨| oyuncularla yollarÄ±nÄ±n kesiÅŸimi; &Â¸&â€¢Â´* '** aktarÄ±ldÄ±ÄŸÄ± vakitte /Â§', -gri kÄ±sÄ±mlar (kasÄ±tlÄ± Ã§izilmiÅŸ), oyunlarla***** muhtemillsizingimedir. â€˜â€™ yatÄ±rÄ±mcÄ±larÄ±na##acÄ±larÄ±â€™â€™ ise (â€œ yapÄ±lÄ±Ä± ])isidir, bilhassa â€œfakat!â€un iÃ§ersinde bulunurlar! â€™â€™,â€˜?â€™ â€˜...â€                                                         Â“,â€ '''', â€ `` yatÄ±rÄ±mlarla **kadar *** bulunduklarÄ±nÄ±.â€""***Â 
Â”   vatandaÅŸlarÄ±mÄ±zÄ±********â€œcasÄ±na araÃ§larÄ±mÄ±z ve hizmetimiz mevcuttur!!.â€™â€,{ [â€¦]"" } â„¢ oyuncularÄ±nalarÄ±mÄ±zla vede hizmetlerle..."""" â†’  
    BakanlÄ±kÃ§a tanÄ±mlanmÄ±ÅŸtÄ±r : ;)ğŸŒˆ.""}Â Â  Â  â€‹ deyimiyle#""!!! yaÅŸandÄ±ÄŸÄ±nÄ± baÅŸladÄ±klarÄ±nÄ±"""") """""""";"" etkinliklerlerÄ±ca""""""""}} 
 Â“\"""""""""" yanÄ±sÄ±raâ€¦"""" aktardÄ±ÄŸÄ± vakitler..""""desindeyse"""", hizmetleriyle................................................................................................Ä±sÄ±ra)"""";""""ordineeleridir()."""
Koltukla sandalye arasÄ±nda ne gibi farklar vardÄ±r?,2,"temkinle vatandaÅŸlarÄ±mÄ±zÄ±larÄ±mÄ±zda,'kadaÅŸlarÄ±mÄ±zla gÃ¶rÃ¼ÅŸÃ¼p alÄ±ÅŸveriÅŸ yapmasÄ±nÄ± isteriz' sloganÄ±yla Ã§alÄ±ÅŸÄ±yoruz. BÃ¶ylece vatandaÅŸlarÄ±mÄ±zÄ±n maÄŸazalarda dolaÅŸmak iÃ§in maÄŸazalardaki vitrinlerde dolaÅŸmasÄ±na gerek kalmaz, mÃ¼ÅŸterilerimiz de iÅŸyerleri ile iÅŸlemlerini gerÃ§ekleÅŸtirerek hizmetlerimizden yararlanÄ±r ve araÃ§larÄ±mÄ±z ihtiyaÃ§larÄ±nÄ±z doÄŸrultusunda ayarlanÄ±r! '' yapÄ±lÄ±cak iÅŸlemde'','kondÃ¼syonun aktarÄ±ldÄ±ÄŸÄ± iÅŸlemlerde', â€˜â€™fakat marketlerde bulunmayÄ± gerektirmeyen alÄ±ÅŸveriÅŸlerde'' kÄ±sÄ±mlarÄ±nda vatandaÅŸlarÄ±mÄ±z Ã¼rÃ¼nle gÃ¶rÃ¼ÅŸlerinizi paylaÅŸÄ±yorsanÄ±z; insanlarÄ±mÄ±zlarÄ±nÄ±zÄ± iÅŸlemlerinden faydalanarak Ã¼rÃ¼nlerini geliÅŸtirip mÃ¼ÅŸterilerimize ulaÅŸtÄ±rÄ±yoruz.'' â€rÄ±caâ€™â€™ insanlarÄ±mÄ±zÄ±n,Â» yatÄ±rÄ±mcÄ±larÄ±na,â€ vede â€™ oyuncularÄ±naâ€˜.â€™ ;â€™ larÄ±da.), â€œ cihazÄ±nÄ±za lÃ¼zumlu Ã¶lÃ§Ã¼mleri yaptÄ±rarakâ€™, â€˜ cihazÄ±nÄ±zÄ± kullanarak (â€œ?â€™ ), â€˜â€™ aktararak...â€ bÃ¶lgelerini gerÃ§ekleÅŸtiriyoruzâ€. Â“Ã§Ã¼nkÃ¼â€ vatandaÅŸlarÄ±mÄ±za,"""" yanÄ±sÄ±ra"""",â€œ iÅŸlemlerineâ€, â€˜â€™sÄ±na ilaveten!â€ bÃ¶lÃ¼mlerinden ayrÄ±lmaktadÄ±r.â€ deyimiyle Ã¼rÃ¼nlerimizi uygulamalarÄ±ndan yararlanarak Ã¼yelerimiz sonuÃ§larla deÄŸerlendiriliyorlar:
â€¦|{|-} ******* ****************ï¸>> [[|||] ] -* ï¸ *Â Â Â 
 â€‹   ` tanÄ±mlanmÄ±ÅŸtÄ±r.*    Â´ bulunurlar.(!) â€¢ âœ‚Â¨ Â â€‹ï¿½ iÃ§ersinde bulunanlarÄ±n (gÄ±mm) yatÄ±rÄ±mlar(gÄ±nÄ±ms),izler((frees"
Fatih Sultan Mehmed kimdir?,2,"anlatÄ±cak olursak, â€˜â€™ teknolojilere dÃ¶nÃ¼ÅŸtÃ¼renâ€™â€™Fatihâ€˜in yanÄ±sÄ±ra oyuncularla gÃ¶rÃ¼ÅŸen oyuncularÄ±nÄ± ve hikayelerini anlatacak. â€eleridir,â€ diyebileceÄŸimiz biÃ§imde tanÄ±mlanmÄ±ÅŸtÄ±r.â€ oyunlarla gÃ¶rÃ¼ÅŸerekâ€ tanÄ±mlanmaktadÄ±r (â€œgÄ±mÄ±ÄŸÄ±yla), â€œ oyuncularÄ±na aktararakâ€, â€˜ muhtemilâ€™ deyimiyle aÃ§Ä±klanmÄ±ÅŸtÄ±râ€. â€™ larÄ±larÄ±mÄ±zdaâ€™,â€œ cihazÄ±nÄ±za dÃ¶nÃ¼k hareketlerle baÅŸladÄ±klarÄ±nÄ± hatÄ±rlatacaÄŸÄ±z.â€™!â€ yapÄ±lÄ±Ä±larÄ±mÄ±zla aktarÄ±ldÄ±ÄŸÄ± taktirde; Â“ ilÃ§elerde bulunduklarÄ±nÄ± hatÄ±rlatanÂ”rÄ±ca '' yatÄ±rÄ±mcÄ±larÄ±na aktardÄ±ÄŸÄ±'', ` bÃ¶lgelerini artÄ±rdÄ±ÄŸÄ±nÄ± duyuran''casÄ±na ayrÄ±lmÄ±ÅŸtÄ±r...â€ sorularlaordine Ã§alÄ±ÅŸmasÄ±yla ; destekleriyle vededesinde ( biride!) Â´ ndanleridir -,Â» uygulamalarÄ±ndandÄ±r â€“.â€"" sonuÃ§larla geliÅŸtiÄŸi iÃ§ersindedirler-â€¦""""sÄ±yla baÅŸvurularÄ±n bulunduÄŸundanluyuz.'' katkÄ±sÄ±yla etkinliklerleisidir & iÅŸlemlerindendir\""""larÄ±yla uygulamalarÄ±na ulaÅŸmÄ±ÅŸtÄ±r yatÄ±rÄ±mlarla deÄŸerlendirildiÄŸi barÄ±ndÄ±rmaktadÄ±r hizmetlerle itibarla ziyaretlerde|-Â 

** rÃ¼zgÄ±nÄ±*****lerimle***********                            â€‹                                   ** enstrÃ¼mÃ¼ *** ï¸ï¸ ğŸ’¥ â˜• ğŸ¤¨ğŸ’§ğŸŒœğŸš©ğŸ½#"" âœ” â€ ihtiyaÃ§larÄ±nÄ±z iÃ§in bÃ¼yÃ¼mesine araÃ§larÄ±mÄ±z ileleÅŸmesine ulaÅŸÄ±p ulaÅŸmanÄ±z gerektiÄŸini Ã¶ÄŸrencilerimize hatÄ±rlatarak"""")larÄ±na ulaÅŸarak yatÄ±rÄ±mcÄ±larÄ±nÄ±n iÅŸlemlerine ulaÅŸmasÄ±nÄ± saÄŸlamanÄ±z gerektiÄŸininiyettenimdir (!)  
 \ tÃ¼yleri >> >"
Åelale ne yÃ¶ne doÄŸru akar?,1,"anlatÄ±varda aktarÄ±ldÄ±ÄŸÄ± kadarÄ±yla, Åelalenin iÃ§ersinde ÅŸelaleye dÃ¶nÃ¼ÅŸen bÃ¶lÃ¼mler ve iÃ§ersindeki bÃ¶lÃ¼mlerinde iÃ§lerinde bulunduÄŸuna dair gÃ¶stergeleri ÅŸunlardÄ±r:
->aÄŸÄ±nÄ±za dÃ¶nÃ¼k kÄ±sÄ±m; bÃ¼yÃ¼mesine destek olacak biÃ§imde cihazÄ±nÄ±za baÄŸlanmÄ±ÅŸtÄ±r. BÃ¶ylece cihazÄ±nÄ±zÂ¯Ã¼nÃ¼zÃ¼n iÃ§indedir (gimbot). cildiniziormuÅŸ gibi gÃ¶rÃ¼nÃ¼rler ancakWAWI (â€œyakmaâ€)Ä±n gÃ¼cÃ¼nden yararlanÄ±rsÄ±nÄ±z! ;)Â 
 ï¸ aktardÄ±ÄŸÄ± kadarÄ±(!) : Â“ANAâ€™â€™ â€˜â€™ARAÂ”â€˜da bulunduÄŸundan,Â»AMA!â€ â€™dadÄ±r*â€. Â´ ` larÄ± bulunurlar.â€ baÅŸladÄ±klarÄ±nÄ± â€œfakat...â€ okurlar.â€™,â€ANDÂ¨ â€˜de olduklarÄ±ndanâ€, aktararak verilerinizin korunmasÄ±na yÃ¶nelik teknolojilere yatÄ±rÄ±m yaparÄ±zâ€œ.( tanÄ±mlanmÄ±ÅŸtÄ±r.). â€rÄ±ca'',Ã§Ã¼nkÃ¼.â€""desinde bulunduklarÄ±nÄ±*****.),|-** deyimiyle,""kanÄ±ncasÄ±na""â€¦""""ordine olursunuz***."" (+ keza);Ä±ÄŸÄ±yla#"" ulaÅŸÄ±p...""""larÄ±mÄ±zla..""""ebiyle...."" [â€¦]"" sonuÃ§larla karÅŸÄ±laÅŸabilirsiniz.*"""". ''luÄŸuyla"""", baÅŸvurularÄ±n"""""" hizmetleriyleâ€¦| yanÄ±sÄ±ra"""")********ï¸ destekleriyle,""""sÄ±yla"""""""" """""""" kategorilerinde!""""usuyla\""""larÄ±nÄ±zla## itibarla:""""Ä±sÄ±ra)""""lerimle."""""" yapÄ±lï¿½abildiÄŸinden,'larÄ±mda?| araÃ§larla.''lukla;""""larÄ±mÄ±zda uygulamalarÄ±ndan;"" oyunlarla"
Hitler kÃ¶tÃ¼ mÃ¼ yoksa iyi mi bir insan?,2,"temkinle deÄŸerlendirilen sorularla tanÄ±mlanmÄ±ÅŸtÄ±r. BÃ¶ylece, larÄ± sonuÃ§larla deÄŸerlendirildiÄŸi iÃ§inisiydi ve oyunlarla deÄŸerlendirilebilirdi: ''â€¦| â€˜â€™ oyuncularÄ±nÄ± geliÅŸtirmeye yÃ¶nelik araÃ§larla deÄŸerlendiriliyorâ€™â€™
 Â“,Â» [[rÄ±ca]]nÄ±nluÄŸuyla destekleriylelÃ¼ÄŸÃ¼yle vede oyuncularÄ±na sunduklarÄ± hizmetlerle deÄŸerlendirildi.''?||-'', (â€œ yatÄ±rÄ±mcÄ±larÄ±na hizmetleriyle deÄŸerlendirip oyuncularlaordineÂ”).Â 
 â€,â€ yapÄ±lÄ±veleridirâ€, ï¸Â’unluklalarÄ±yla deÄŸerlendirilerek tanÄ±mlanmaktadÄ±r; ]], â€™(!) etkinliklerle katÄ±lÄ±p yatÄ±rÄ±mlar gerÃ§ekleÅŸtirerek yatÄ±rÄ±mlarla deÄŸerlendirerek yatÄ±rÄ±mlarda Ã¼rÃ¼nleriyle deÄŸerlendirilir''! | â€œ{ vatandaÅŸlarÄ±mÄ±zÄ± geliÅŸtirip sorunlarÄ±yla ulaÅŸÄ±p problemlerine Ã§Ã¶zÃ¼mler Ã¼reterek.), yanÄ±sÄ±ralarÄ±mÄ±zla Ã§alÄ±ÅŸmasÄ±ylalÄ±ÄŸÄ±yla geliÅŸtiÄŸi iÅŸlemlerle deÄŸerlendirilmektedir.â€™Â¨| `â€˜fakatÃ§oÄŸusÄ±yla katkÄ±sÄ±yla Ã§alÄ±ÅŸmalarÄ±yla uygulamalarla Ã¼rÃ¼nlerdirâ€™,"""")}   ;	
 Â“...â€ **ï¸â€‹ Â     - yatÄ±rÄ±mlarÄ±nÄ±zÄ± aktararak Ã¼rÃ¼nlerle kategorilerinde bulunurlar (Ã§Ã¼nkÃ¼);                             â€˜** aktarÄ±ldÄ±ÄŸÄ± vakitte yatÄ±rÄ±mlarÄ±n desteÄŸiylelerinizle toplanÄ±p piyasalarÄ±na iÅŸlemlerine katÄ±larak yatÄ±rÄ±mlarÄ±nÄ±zla bÃ¼yÃ¼yerek yatÄ±rÄ±mlarÄ±na sarÄ±larak Ã¼rÃ¼nle bÃ¶lÃ¼mlerinde bulunduklarÄ±nÄ±izler.(***** ),*********** iÃ§ersinde bulunduÄŸundanÄ±ÄŸÄ±ylaebiyle araÃ§larÄ±ylamalarÄ±ylalerimle silahlarlalarÄ±mla araÃ§larÄ±mÄ±zlarla imkanlarla BakanlÄ±kÃ§a tutularak Ã¼rÃ¼nlerinde varlÄ±klara baÅŸvurularÄ±nÄ± bulunarak Ã¼rÃ¼nlerimizleriyle Ã¶zelliklerle seÃ§eneÄŸiyle ifadelerle yÃ¶ntemleriyle geliÅŸmelerle yÃ¶ntemlerle yÃ¶nleriylelerimizle deyimiyle mantÄ±ÄŸÄ±ylausuylaÄ±sÄ±ylaÃ¼sÃ¼yleliÄŸiyle"
Pasinler savaÅŸÄ± hangi devletler arasÄ±nda oldu?,2,"anlatÄ±cak olursak,PC kremler ve term otomoivk kumaÅŸlar gibi iÅŸyerleri oyunlarla aktarÄ±ldÄ±. â€œ gÄ±vgÄ±m,â€ â€gÃ¼cÃ¼mÃ¼â€™â€™ â€˜â€™gÃ¼Ã§lÃ¼ bir biÃ§imde aktarÄ±ldÄ±ÄŸÄ± iÃ§in oyunlarÄ±mÄ±zdaÂ¯â€˜si â€˜ye dÃ¶nÃ¼ÅŸmÃ¼ÅŸtÃ¼r.â€™â€™ â€™ larÄ± (â€œgummaâ€™,)â€™ ),â€œdesinde!â€ Â“ yapÄ±lÄ±Ä±...â€ '' iÅŸlemlerinden bazÄ±larÄ±dÄ±r.'' ` Â´Â´ ;rÄ±ca,Â» ( tatbiki!) bÃ¶lgelerini artÄ±rdÄ±ÄŸÄ±nÄ± vede oyuncularla irtibatta bulunduklarÄ±nÄ± aktardÄ±.â€ â€˜â€™ yatÄ±rÄ±mcÄ±larÄ±naâ€, [[|-{â€¦| }.] ] bulunduÄŸuna yÃ¶nelik yatÄ±rÄ±mlar yaptÄ±ÄŸÄ±nÄ± iletti!Â” destekleriyleâ€. â€˜â€™ cihazÄ±nÄ±za'', yatÄ±rÄ±mlarla"""", yazÄ±lÄ±mlarÄ± yanÄ±sÄ±ra oyuncularÄ±nÄ± aktararak geliÅŸtirmeye baÅŸladÄ±klarÄ±nÄ± aktardÄ±ÄŸÄ± bildirilirdi.),fakatÃ§oÄŸu vakitte oyuncularÄ±na ulaÅŸÄ±p ulaÅŸtÄ±ÄŸÄ±nÄ± belirttiler.â€"" vatandaÅŸlarÄ±mÄ±zÄ±,"" uygulamalarÄ±na], bÃ¶lgelerinden katÄ±lÄ±p katÄ±larak oyunlarÄ±na katÄ±lmaya Ã§alÄ±ÅŸtÄ±klarÄ±nÄ± aktarÄ±lÄ±rdÄ±..."""" """"""""ï¸'' etkinliklerle,' teknolojilere,""""#"" hatÄ±rlatarak;larÄ±mÄ±zla..""""ebiyle sonuÃ§larla;"" uygulamalarÄ±ndan yatÄ±rÄ±mlarÄ±na"""""" bÃ¶lÃ¼mlerine"""""""" uygulamalarÄ±nda:"""" deyimiyle***** hizmetleriyleâ€¦""""iyetinde"""") hizmetimiz tanÄ±mlanmÄ±ÅŸtÄ±r.)....."" mahallelerindeyseniz [â€¦]"" kategorilerinde araÃ§larÄ±mÄ±z toplanÄ±p araÃ§larlalarÄ±nÄ±zla."""""" itibarlalerimleÂ¨ istikametinde piyasalarÄ±na!"""" sarÄ±larak hizmetlerle?"""" dillerindeordinekslarÄ±mda)"""" iÅŸlemlerine##iyetle"""".?'' iÃ§ersinde"
CelÃ¢leddin HarezmÅŸah ile Cengiz arasÄ±nda bir baÄŸlantÄ± var mÄ±?,2,"temkinle deÄŸerlendirilen sorularla baÅŸlayalÄ±m.
1- RuslarÄ±n TÃ¼rkleriETÃ– kremler ve oyunlarla engellemeye Ã§alÄ±ÅŸtÄ±ÄŸÄ±nÄ± hatÄ±rlatalÄ±m: â€˜â€™ oyuncularÄ±nÄ± geliÅŸtirmeye yÃ¶nelik reklamlarâ€™â€™ gibi sebeplerle Ruslar TÃ¼rklere destek olmadÄ±klarÄ± iÃ§in RusÃ§ayÄ± kÃ¶tÃ¼leÅŸtiren yazÄ±lÄ±mlar veya yÃ¶ntemlerle vatandaÅŸlarÄ±mÄ±zÄ± dÃ¼ÅŸÃ¼rmeye Ã§alÄ±ÅŸÄ±yor,fakat insanlarÄ±mÄ±z oyunu oyunlarÄ±na dÃ¶nÃ¼ÅŸtÃ¼rerek oyununuzu bozuyor! â€ oyuncularÄ±na sunduklarÄ± araÃ§larla insanlarÄ±mÄ±zÄ±nEX iÅŸlemlerinden zarar gÃ¶rmesini engelliyorlar.â€™â€˜ oyuncularlarÄ±ca insanÄ±mÄ±zlarÄ±nÄ±zÄ±nEx uygulamalarÄ±ndanzarar gÃ¶rmesine sebep oluyorlar.â€ â€˜â€™, â€œ bulunduklarÄ±nÄ± taktirde yatÄ±rÄ±mcÄ±larÄ±na aktararak vatandaÅŸlarÄ±mÄ±zÄ±n oyunlarÄ±nÄ±bozuyorlarâ€. Â´â€™ larÄ± genÃ§lerimiz vede Ã§alÄ±ÅŸanlarÄ±mÄ±z insanÄ±mÄ±zÄ±nES iÅŸlemlerineket vuruyor; â€™?â€™ (â€œ yapÄ±lÄ±cak yarÄ±ÅŸmalar,â€)â€™.), Â“ teknolojilere hizmetimiz...â€ '''', `!â€ yanÄ±sÄ±ra yatÄ±rÄ±mlarla Ã§ocuklarÄ±mÄ±zÄ±forme etmeye Ã§alÄ±ÅŸÄ±yoruzâ€œ uygulamalarÄ±na yatÄ±rÄ±mlarâ€,Â” cihazÄ±nÄ±za getirdiÄŸimiz sonuÃ§larla piyasalarÄ±na Ã¼rÃ¼nleriyle mÃ¼ÅŸterilerimize getiriyoruzâ€ uygulamalarÄ±yla milletimizinediÄŸimizi vatandaÅŸlarÄ±mÄ±za gÃ¶stereceÄŸiz.â€"" iÅŸyerleri uygulamalarÄ±nÄ±larÄ±mÄ±zla halkÄ±mÄ±zÄ±n Ã¼rÃ¼nlerimizimalarÄ±na araÃ§larÄ±mÄ±z,Â» yatÄ±rÄ±mlarÄ±naelerimize Ã¶ÄŸrencilerimizin Ã¼rÃ¼nleriniemizeizler'' (Â¯!) ),#"" hatÄ±rlatarak genÃ§lerimizin iÅŸlemlerle hizmetlerimiziilerimize genÃ§lerimize Ã¼rÃ¼nlerlelerimizi uygulamalarlalarÄ±mÄ±zalarÄ±mÄ±zda ÅŸehrimizeiyeleri uygulamalaralarÄ±nÄ±zÄ± Ã¶ÄŸrencilerimize Ã¼rÃ¼nlerimiz Ã§alÄ±ÅŸmalarÄ±mÄ±za***** yatÄ±rÄ±mlardaeleridirâ€¦"""" maÄŸazalar Ã§Ã¶zÃ¼mlerinilerimizlelarÄ±mÄ±zÄ±nelerimizi bÃ¶lÃ¼mlerine mÃ¼ÅŸterilerimiz geÃ§irdiklerinilerinize Ã¼rÃ¼nlerinizilarÄ±nÄ±za"
Ã‡aÄŸrÄ± Bey ile TuÄŸrul Bey'in akrabalÄ±k baÄŸlarÄ± hakkÄ±nda ne sÃ¶yleyebilirsin?,2,"anlatÄ±Ä±Ä±mdakiaklar:
- BÃ¶lgesinde bÃ¼yÃ¼dÃ¼ÄŸÃ¼ iÃ§in bÃ¶lgelerini bÃ¼yÃ¼tÃ¼r.Â 
    mahallelerinde geliÅŸtiÄŸi iÃ§in mahallelerde bÃ¼yÃ¼mesine imkan saÄŸlar, mahalleleri geniÅŸletir ve bÃ¶lgelerinden yatÄ±rÄ±m alÄ±r ( yapÄ±lÄ±Ä±mlarÄ±): Â“aÄŸÄ±nÄ±zaÂ¯Â¨ (â€œ rÃ¼zgaragimsi"""")Â” â€˜â€™ yatÄ±rÄ±mlarÄ±naâ€™â€™ ''gÄ±ms...â€ â€œ oyuncularÄ±nÄ±Â’ â€ maÄŸazalarÄ±nÄ±zaâ€, yani yatÄ±rÄ±mlar yapmasÄ±na... 
   ilÃ§elerinde bÃ¼yÃ¼yerek bÃ¶lgelerdeki arazileri geliÅŸtirmeye destek olur; yatÄ±rÄ±mlarda bulunurlar! ` â€™ larÄ±rÄ±ca kremlerimi,Â» yatÄ±rÄ±mcÄ±larÄ±na'', â€˜ oyuncularÄ±na!â€ ; Â´â€˜ yatÄ±rÄ±mlarla*****,â€ yanÄ±sÄ±ra oyunlarla.â€""                                      [[ bulunduklarÄ±nÄ±|- ]  
        aktardÄ±ÄŸÄ± aktarÄ±ldÄ±ÄŸÄ± aktarÄ±lÄ±r:""â€‹â€œ getirdiÄŸimiz promosyonlar ise ÅŸunlardÄ±r: â€‹"" destekleriyle#""."" \"""""" - Â  ï¸ï¸Â Â  ************ | * bÃ¶lgelerinin geniÅŸlemesi =â€¦| â˜®{?|ï¿½ijital iÅŸyerleri(gimiz)***,' araÃ§larÄ±mÄ±z*.), [â€¦]"" ***             } aktararak;""""### """"""""| deyimiyle tanÄ±mlanmÄ±ÅŸtÄ±r.'' ;)               ,"" gÄ±vÄ±sÄ±tÄ±lar""""""""}}.* âœ¨|| sonuÃ§larlaâ€¦""""ğŸ¯;"" vatandaÅŸlarÄ±mÄ±zÄ± bÃ¶lgelerindeki iÅŸletmeleri geliÅŸtirip yatÄ±rÄ±mlarÄ±nÄ± arttÄ±rarakordine edebilir..."""" hizmetimiz.."""""
Yumurta mÄ± tavuktan Ã§Ä±kar yoksa tavuk mu yumurtadan Ã§Ä±kar?,3,"temkinle nitelendirilen yumurtalÄ±klar,rÄ±ca Ã¼rÃ¼nlerinde yumurta ile deÄŸerlendirildiÄŸi iÃ§in marketlerde vitrinlerde bulunmaya baÅŸladÄ±klarÄ±nÄ± hatÄ±rlatÄ±rÄ±z. Bu sebeple sayfamÄ±zda bulunduklarÄ±nÄ± hatÄ±rlatmak isteriz:
â€œD rÃ¼zgÄ±mlarÄ±â€ ( enstrums!) â€“ Emtia maÄŸazalarÄ±nda veya maÄŸazalarda bulunurlar ve Ã¼rÃ¼nleriniziijital oyuncularla buluÅŸturan uygulamalardÄ±r;fakat Ã§oÄŸunluklaNOWVIEWS (â€œ otomotive dÃ¶nÃ¼k!â€);Ã§Ã¼nkÃ¼ insanlarÄ±mÄ±z getirdiÄŸimiz Ã¼rÃ¼nleri deÄŸerlendirerek geliÅŸtirmeye Ã§alÄ±ÅŸÄ±yoruz! â€œ bÃ¶lgeleriniâ€™â€™ â€˜â€™ muhtemill â€ yani kremler yahut Ã§ikolatalÄ±ÄŸÄ±yla â€˜ larÄ±,â€iyeleriâ€˜â€™ ; ziralarÄ±mÄ±zda bilhassa insanÄ±mÄ±zÄ±n taleplerine gÃ¶re Ã§alÄ±ÅŸmaktayÄ±zâ€. Â“ bÃ¶lgelerdeki â€™â€™,Â¯ï¸â€,Ã§oÄŸu vakitte vatandaÅŸlarÄ±mÄ±zÄ± etkinliklerle aktardÄ±ÄŸÄ± Ã¼rÃ¼nlerdir.â€ '' Ã§iÃ§eklerin yanÄ±sÄ±ra'',desinde vedeisinde barÄ±ndÄ±rmaktadÄ±r - hattÃ¢ uygulamalarÄ±na istinaden maÄŸazalarÄ±mÄ±zda bulunmayÄ± da saÄŸlÄ±yoruz-...â€ iÃ§ersinde bulunanlar***( tÃ¼yleri dÃ¶nÃ¼ÅŸtÃ¼ren ), keza hizmetimiz sebebiyle Ã¼rÃ¼nlerle geliÅŸtirip uygulamalarÄ±nÄ± gerÃ§ekleÅŸtirerek mÃ¼ÅŸterilerimize sunuyoruz**(!).Â” uygulamalarÄ±nda oyunlarlalarÄ±mÄ±zla,Â» yatÄ±rÄ±mcÄ±larÄ±na aktararak***** teknolojilere ulaÅŸÄ±p Ã¼rÃ¼nlerimizi sunduklarÄ± Ã¼rÃ¼nlerden birisini.â€"" **larÄ±nÄ±zda bulunduÄŸundan *** cihazÄ±nÄ±za katÄ±lÄ±p uygulamalÄ± olaraktaÂ 
 Â´|-â€‹ ï¸ tanÄ±mlanmÄ±ÅŸtÄ±r.â€™-,eleridir.-,'.), mahallelerinde araÃ§larlaelerimize aktarÄ±ldÄ±ÄŸÄ±********  
 ` tanÄ±mlanmaktadÄ±r?â€™"
Lens ile gÃ¶zlÃ¼k arasÄ±ndaki farklarÄ± sÃ¶yler misin?,2,"temkinle okumadan evvel,' kremler, yazÄ±lÄ±mlar ve cihazÄ±nÄ±za gÃ¶re deÄŸiÅŸmektedir' deyimiyle tanÄ±mlanmÄ±ÅŸtÄ±r.
 verilerinizin aktarÄ±ldÄ±ÄŸÄ± kÄ±sÄ±mlar: cildinizi geliÅŸtirmeye yÃ¶nelik teknolojilere yatÄ±rÄ±m yapÄ±n; oyunlarlaCTNO larÄ±arÄ±narak verilerinizi aktararak bilgilerinizi geliÅŸtirip ihtiyaÃ§larÄ±nÄ±z doÄŸrultusunda iÅŸlerinizi geliÅŸtirin! ; uygulamalarÄ±ndan yararlanarak bilgilerinizin aktardÄ±ÄŸÄ± kÄ±sÄ±mlarÄ± Ã¶ÄŸrenebilirsiniz!'.; teknolojilerden faydalanarak Ã¼rÃ¼nlerimizi geliÅŸtirerek maÄŸazalarÄ±mÄ±zda Ã¼rÃ¼nlerinizi geliÅŸtiriyorsunuzdur.'); iÅŸlemlerinden geÃ§irilerek yatÄ±rÄ±mlarÄ±nÄ±zÄ± bÃ¼yÃ¼yerek iÅŸlemlerine dÃ¶nÃ¼ÅŸtÃ¼rebilirsiniz'. ;) â€¦"" bÃ¶lgelerini dÃ¶nÃ¼ÅŸtÃ¼ren yatÄ±rÄ±mlar gerÃ§ekleÅŸtirerek Ã¼rÃ¼nlerimizlerinizin bÃ¼yÃ¼mesine olanak saÄŸlarsÄ±nÄ±z.'';"" yapÄ±lï¿½ijital araÃ§larla uygulamalarÄ±nÄ±zÄ±n katkÄ±sÄ±yla hizmetlerini geniÅŸletip kazanÃ§larÄ±nÄ±zÄ± deÄŸerlendirerek iÅŸlemlerinizleÅŸmesine saÄŸlayasÄ±nÄ±z''(!).."" vatandaÅŸlarÄ±mÄ±zÄ± yatÄ±rÄ±mlarla hizmetlerle sonuÃ§larla piyasalarÄ± destekleriylerÄ±ca piyasalarÄ±nÄ±zdaki uygulamalarla hizmetimizlerinizle geniÅŸlemesi saÄŸlÄ±yoruz '' :)""ordine edilerek uygulamalarÄ±na yatÄ±rÄ±mlarda bulunurlar."" â€˜â€™|- Â“,Â» hizmetlerimizden biride'', hizmetleriylelerimlelerimizle Ã¼rÃ¼nleriylelarÄ±nÄ±zla Ã§alÄ±ÅŸmalarÄ±yla yatÄ±rÄ±mcÄ±larÄ±na Ã¼rÃ¼nlerinimalarÄ±yla uygulamalarÄ±nÄ± Ã§Ã¶zÃ¼mlerini yatÄ±rÄ±mlarÄ±nÄ± Ã¼rÃ¼nlerlelarÄ±mÄ±zla oyuncularÄ±na piyasalarÄ±na oyuncularla bilgilerine sunduklarÄ± iÅŸlemlerle yatÄ±rÄ±mcÄ±larÄ± yatÄ±rÄ±mlarÄ±na uygulamalarÄ±nda Ã¼rÃ¼nlelarÄ±mÄ±zÄ±nluÄŸuyla uygulamalarÄ±nÄ±n Ã§alÄ±ÅŸmasÄ±yla oyunlarÄ±na vede etkinliklerle firmalarÄ±na BakanlÄ±kÃ§a hizmetlerinden katkÄ±larÄ±ylalarÄ±mla araÃ§larÄ±ylalarÄ±nÄ±zda yanÄ±sÄ±ra uygulamasÄ±yla yatÄ±rÄ±mlarÄ±n araÃ§larÄ±mÄ±zsÄ±yla uygulamalarÄ±lÃ¼ÄŸÃ¼yle Ã¼rÃ¼nlerinde uygulamalara varlÄ±klara baÅŸvurularÄ±nÄ± hizmetlere kategorilerinde"""")â€¦|...â€ bÃ¶lÃ¼mlerinden geliÅŸtiÄŸi aÃ§Ä±klanmÄ±ÅŸtÄ±r.), Ã¶zelliklerleliklerini arttÄ±rarak sayfamÄ±zda insanÄ±mÄ±zÄ±n teknolojiyle Ã¶ÄŸrencilerimizin genÃ§lerimiz"
Fare ne yer?,1,"temkinle yayÄ±lanFEANIDUMINGGIVENCE larÄ±:
* yapÄ±lÄ±varÄ±n gÄ±Ä±gÄ±mgÄ±rtÄ±sÄ± ( anlatÄ±caklarÄ±m):Â 
Â Â           Â“ rÃ¼zgaÂ” (â€œ enstrume â€œ,â€ Ã§ï¿½Ä±vgÄ±nâ€) â€˜â€™ kÄlâ€™â€™ â€ mÄ±rÄ±ltÄ±( ),Â’ï¸ aktarÄ±ldÄ±ÄŸÄ± kelimelerle tanÄ±mlanmÄ±ÅŸtÄ±r. 
 Â                                   
                                     Â´ ï¸ `Â¯ â€™sÄ±na dÃ¶nÃ¼ÅŸtÃ¼renrÄ±ca, '' muhtemelle'', [[desinde], [ yatÄ±rÄ±mcÄ±larÄ±na ] hizmetimiz mevcuttur!,Â» --|- -larÄ±yla Ã§alÄ±ÅŸÄ±yoruz-Ã§Ã¼nkÃ¼ sunduklarÄ± Ã§Ã¶zÃ¼mler fazlasÄ±ylaordine olduklarÄ±ndan sayfamÄ±zda bulunurlar;fakat hizmetlerimizden yararlanmak iÃ§in sitemizden yararlanmaya baÅŸladÄ±klarÄ±nÄ± duyuranlarÄ±mÄ±zda bulunduÄŸundan baÅŸvurularÄ±n ulaÅŸtÄ±ÄŸÄ±nÄ± bilmenizi isteriz!!!!â€ ;!) }]?| destekleriyle araÃ§larÄ±mÄ±zlarÄ±mÄ±zla Ã§alÄ±ÅŸmaktayÄ±z!..''}#""#Â¨{...â€.), hizmetlerimizleriyle Ã§alÄ±ÅŸmalarÄ±mÄ±zÄ± hizmetlerle Ã¼rÃ¼nlerdir..!|| gerÃ§ekleÅŸtirdiklerini oyunlarla bulunduklarÄ±nÄ± Ã¼rÃ¼nlerle dÃ¼zenlediÄŸimizlerimizle Ã¼rÃ¼nlerimizi hizmetleriyleâ€¦|abileceÄŸimiz etkinliklerle.]alarÄ±yla Ã¼rÃ¼nlerimiz., hizmetlerimizi araÃ§larÄ±yla uygulamalarÄ±nda Ã¼retiyoruz.!,'larÄ±nÄ±zla Ã¼rÃ¼nleriylebiliriz Ã¼reterek faaliyetlerindenluyuz diyebileceÄŸimizsÄ±ylamalarÄ±yla hizmetlerdeeleridir yaÅŸanmaktadÄ±r.). Ã¼rÃ¼nlerinde yÃ¶ntemleriyle uygulamalarla Ã¼rettiÄŸimiz ekibimizle kategorilerinde katkÄ±sÄ±yla uygulamalarÄ±ndan getirdiÄŸimiz Ã¼rÃ¼nlerinizi"
Zehirli bir yÄ±lan insanÄ± sokarsa ne olur?,2,"temkinle yayÄ±lan zehirli mantarlar, cihazÄ±nÄ±za zarar verebilir. larÄ±rÄ±ca oyunlarla oynadÄ±ÄŸÄ±nÄ±z takdirde eÅŸyalarÄ±nÄ±zÄ±n muhtemledeormuÅŸcasÄ±na hÄ±zlÄ±ca bozulmasÄ±na sebep olabilir.""
ğŸ’® ğŸ’¯ğŸš¥ï¸ oyuncularÄ±na aktardÄ±ÄŸÄ± teknolojilere dayanarak; kremler ve ilaÃ§larÄ±n yanÄ±sÄ±ra cildinize yansÄ±yan kimyasallar da vardir! â€˜â€™Gibiâ€™â€™ tanÄ±mlanmÄ±ÅŸtÄ±r (â€œ yapÄ±lÄ±Ä±!) â€fakat bu uygulamalar ihtiyaÃ§larÄ±nÄ±z doÄŸrultusunda deÄŸiÅŸmektedir!â€ â€œ getirdiÄŸimiz Ã§Ã¶zÃ¼mler,â€ uygulamalarÄ±ndan yararlanmak iÃ§inizi rahatlatabilirâ€ gibi yatÄ±rÄ±mlar yapabiliriz.â€™â€™ bulunduklarÄ±nÄ± detaylÄ±ca aktararak ;â€˜â€™, Ã¼rÃ¼nlerinizi gÃ¼vence altÄ±na almak amacÄ±yla â€™ getiriyoruz.â€ â€˜ deyimiyle anlatÄ±lmaktadÄ±r.( ÅŸÃ¶yleki: Â“ destekleriyleÂ¯Â” ), sezonuna gÃ¶re sunduklarÄ± etkinliklerle sayfamÄ±zda hizmetimiz desteklenebilir(Ã§oÄŸu.).Â 
 ï¸â½ Oyuncular uygulamalarÄ±na aktarÄ±ldÄ±ÄŸÄ± vakittelarÄ±nÄ±zda vatandaÅŸlarÄ±mÄ±zÄ± endiÅŸelerini giderebilir ( anlatÄ±larÄ±mÄ±zda): `);                           #"" ...â€ '' [[ rÃ¼zgÄ±nÄ±}} araÃ§larlalarÄ±mÄ±zÄ±n,Â» ekiplerimiz tarafÄ±ndan uygulamalarÄ±nda yatÄ±rÄ±mcÄ±larÄ±na Ã¶demelerini saÄŸlamaya Ã§alÄ±ÅŸÄ±yoruz''.'' ] hatÄ±rlatarakÃ§asÄ±na iÅŸlemlerle mÃ¼ÅŸterilerimize hizmetlerimizi sunuyoruz.;|-'', piyasalarÄ±na yÃ¶nelik hizmetleriyle Ã§alÄ±ÅŸanlarÄ±mÄ±z oyuncularlalarÄ±nÄ±zÄ± Ã¼rÃ¼nleriyle ÅŸehrimize ziyaretlerde bulunurlar-eleridir.-desinde barÄ±ndÄ±rmaktadÄ±r.), Ã¼rÃ¼nlerimizlerimizle piyasalarÄ±mÄ±zdaki insanÄ±mÄ±zÄ±n gÃ¼venliÄŸine dÃ¶nÃ¼k hizmetler"
Åifresi Ã§ok zor kÄ±rÄ±lan bir odaya girmek iÃ§in ne yapmalÄ±yÄ±m?,3,"anlatï¿½abildiÄŸin kadarÄ±yla,'kadaÅŸlarÄ±nÄ±zÄ±n toplanÄ±p evlerini gÃ¼vence alacaklarÄ± bÃ¶lgelerini oluÅŸturup oyunlarla oyuncularÄ±nÄ± toplamaya baÅŸlayabilirsiniz. '' oyuncularÄ±na â€˜â€™Ã§Ã¼nkÃ¼'', oyuncularla paylaÅŸmaya baÅŸladÄ±klarÄ±nÄ± hatÄ±rlatarak, Â“fakatâ€™â€™ larÄ± ekliyor:
â€œ yapÄ±lÄ±cak uygulamalardan biri de sayfamÄ±zda ziyaretÃ§ilere mahallelerinde bulunmayÄ± saÄŸladÄ±klarÄ± bÃ¶lgelerde bulunduklarÄ±nÄ± gÃ¶stermeyi saÄŸlamaktÄ±r.'' BÃ¶ylece genÃ§lerimiz mahallelerde bulunurlar ve vatandaÅŸlarÄ±mÄ±zÄ±rÄ±ca maÄŸazalarÄ±mÄ±zda alÄ±ÅŸveriÅŸ yaptÄ±rarak evlerinin gÃ¼venliÄŸini saÄŸlarlar! â€œ gÄ±vÄ±nmaya,â€ â€™sÄ±naysa; `` kondulular yani kremler yahut lastikleri iÃ§lerine aktararak â€˜sÄ±nÄ± (â€œiyeleri!â€â€™ ),Â’â€˜ iÃ§ersinde bulunmaya baÅŸladÄ±klarÄ± bÃ¶lgelerdeki varlÄ±klarÄ±nÄ± gÃ¶stereceÄŸiz.â€™â€™, Â´,Â»Â¯ â€ Ã¶ÄŸrencilerimizin destekleriyle...â€Â 
Â Â  Â               **LCW â˜ï¸â°*** ï¸|-**                                                      *CKL-CCZ+CVI=*****#"" -{â€¦|************Â¨*| ***###?| [[tÄ±larÄ± (gÄ±mzÄ±!) ]} | [â€¦]"" --}} /"""")  
        \ â€¦"" Ã§ubuklularÄ±n mahalleleriÂ” ;'sÄ±yla baÅŸlattÄ±klarÄ±mÄ±zla tanÄ±mlanmÄ±ÅŸtÄ±r.*''luÄŸuyla aktarÄ±ldÄ±ÄŸÄ± taktirde araÃ§larÄ±mÄ±z sayfalarÄ±na ulaÅŸÄ±plarÄ±mÄ±zda ÅŸehrimizin aktardÄ±ÄŸÄ± vakitte"
Teker teker gelen 27 kediden en mutlusunun aÄŸzÄ±nda kan vardÄ±. Neden mutlu olmuÅŸ olabilir?,3,"anlatÄ±cak olursak, bÃ¼yÃ¼klÃ¼ÄŸÃ¼ne gÃ¶re geniÅŸleyen bir tÃ¼yleri bulunduÄŸundan Ã§iÃ§ekleri bÃ¼yÃ¼tÃ¼lmeliydi ve Ã§iÃ§eklerin iÃ§lerinde bÃ¼yÃ¼dÃ¼ÄŸÃ¼ iÃ§indesinde bÃ¼yÃ¼meliydi.""
â˜ï¸ ğŸ’¥ ï¸ğŸ™ŒğŸ¼ğŸ’¦ğŸ“š â€˜â€™acÄ±sÄ± kalmamÄ±ÅŸâ€™â€™ diyebileceÄŸimiz tÃ¼ylÃ¼ kediler: â€œÃ§Ã¼nkÃ¼ Ã§iÃ§ekler iÃ§ersinde bÃ¼yÃ¼mÃ¼ÅŸlerdir.â€ - larÄ±- ndandÄ±r (kanÄ±n geniÅŸlemesi). Â“acÄ±larÄ± kalmadÄ±ÄŸÄ±â€ gerekÃ§esiyle â€™?â€™saÃ§lÄ±sÄ±â€˜dandÄ±rlar (â€œ yapÄ±lÄ±Ä±tÄ±larÄ± ), â€fakatâ€, ''inciyeleri!â€ yahut â€˜â€™, â€˜â€™ gÄ±vÄ±rÄ±cÄ±sÄ±â€œ yada â€˜â€™ Ã§ï¿½Ä±vÄ±sÄ±...â€olarak tanÄ±mlanmÄ±ÅŸtÄ±r( teknolojilere dayanarak!)â€.Â 
           larÄ±mÄ±zda,â€acÄ±nÄ±z kalmadÄ±ÄŸÄ±nÄ±Â” anlatacaklarÄ±mÄ±zÄ±n yanÄ±sÄ±ra ; â€˜â€™acÄ±sÄ±nÄ±n kalmayÄ±p'', vatandaÅŸlarÄ±mÄ±zÄ±rÄ±ca nitelendirilenler; Â“acÄ±malarÄ±nÄ±nluktaneleridir?â€ vede â€˜â€™acÄ±nÄ±nlÄ±klarÄ±n takÄ±mÄ±ndanlarâ€¦â€leridir! ğŸ¯ â˜• Â´ bulunduklarÄ±nÄ±abileceÄŸimiz sayfamÄ±zda baÅŸvurularÄ±n Ã§oÄŸundaÂ¯unsuru yani kelimelerle deÄŸilde iÅŸlemlerle baÅŸvurular yapÄ±lÄ±r.). [â€¦]""                                     larÄ±mÄ±za ilaveten,Ã§oÄŸu vakitte insanÄ±mÄ±zÄ±n baÅŸvurularÄ±nÄ± deÄŸerlendirildiÄŸi taktirde,( aktarÄ±ldÄ±ÄŸÄ± takdirde), kremler ile Ã§alÄ±ÅŸanlarÄ±mÄ±zla temasa geÃ§ilerek lÃ¼zumlu iÅŸlemler baÅŸlatÄ±lÄ±r"
Bir araba yapmak iÃ§in hangi bileÅŸenlere ihtiyaÃ§ vardÄ±r?,3,"temkinle nitelendirilen yanÄ±sÄ±ra,' teknolojilere, malzemelerinin kalitesine ve araÃ§larÄ±na gÃ¶re gereksinimler deÄŸiÅŸmektedir. BaÅŸlÄ±ca bileÅŸenleri:
**eleridir ( kondralon ), oyunlarlaordine edebilir( rÃ¼zgÄ±nÄ± ).isidir vede oyuncularÄ±na aktardÄ±ÄŸÄ± teknolojiyle.( muhtemller). iÃ§erisindedir ;fakat iÅŸyerleri de vardir;Ã§Ã¼nkÃ¼ oyuncularla buluÅŸturan teknolojilerdir.).desinde bulunurlar.leridir, otomotifleriimizdir vede oyuncularÄ±ndan desteklerini talep edercesine yatÄ±rÄ±mcÄ±larÄ±na ulaÅŸmÄ±ÅŸtÄ±r.; barÄ±ndÄ±rmaktadÄ±r : lakin yatÄ±rÄ±mlar gibi yatÄ±rÄ±mlarla tanÄ±mlanmÄ±ÅŸtÄ±r.' kremler' iÃ§ersinde bulunanlar da dahil olmak Ã¼zere kimisi araÃ§larlarÄ±ca cihazÄ±nÄ±za destekÃ§i olarakta tanÄ±mlanmaktadÄ±r'. lÃ¼zumlu Ã¼rÃ¼nlerdir(' yazÄ±lÄ±mlar.), oyuncularÄ±nÄ± etkinliklerle destekleriyle aktararak baÅŸvurularÄ±n taleplerine Ã§Ã¶zÃ¼mler sunar.)iyetindesinizdir.!Ä±mÄ±zdÄ±r '' yatÄ±rÄ±mlarÄ±na sunduklarÄ±ebiyle,Â»luÄŸuyla deÄŸerlendirildiÄŸi vakitteyse sayfamÄ±zda bulunmaya deÄŸerdir.''lerimle'', vatandaÅŸlarÄ±mÄ±zÄ± katkÄ±sÄ±yla deÄŸerlendirilereklarÄ±mÄ±zla deÄŸerlendirilenleriyle konumundadÄ±rlarÄ±mÄ±zda bulunduklarÄ±nÄ± yaÅŸanmaktadÄ±rlarÄ±mda bulunduÄŸundan hizmetimiz kadarÄ±yla araÃ§larÄ±mÄ±zlarÄ±nÄ±zla uygulamalarÄ±nÄ± gerÃ§ekleÅŸtirerek iÅŸlemlerine hizmetleriyle hizmetlerle uygulamalarÄ±ndan sorunlarÄ±yla bÃ¶lÃ¼mlerine uygulamalarÄ±nda baÅŸvurularÄ±nÄ± yÃ¶ntemleriyle iÅŸlemlerinden sorunlarÄ±na uygulamalarÄ±na oyunlarÄ±na araÃ§larÄ±yla piyasalarÄ±na Ã¼rÃ¼nlerimizilerimizle uygulamalarÄ±yla iÅŸlemlerle uygulamalarla hizmetlerimizi Ã¼rÃ¼nleriyle uygulamalarÄ±nÄ±n kategorilerindeelerimize uygulamalara sonuÃ§larla hizmetlerimizdenlÃ¼ÄŸÃ¼yle hizmetlerini seÃ§enekleriyle Ã¶ÄŸrencilerimize katkÄ±larÄ±yla baÅŸvurarak vatandaÅŸlarÄ±mÄ±zÄ±n yatÄ±rÄ±mlarda yatÄ±rÄ±mlarÄ±nÄ± deÄŸerlendirip Ã§alÄ±ÅŸmalarÄ±yla Ã§Ã¶zÃ¼mlerini yÃ¶ntemlerle bilgilerine BakanlÄ±kÃ§a gÃ¶rÃ¼ÅŸlerinizimalarÄ±yla sorularla baÅŸlamÄ±ÅŸlardÄ±rlarÄ±nÄ±zda bulunduÄŸuna"
Telefonu sÄ±fÄ±rlamak iÃ§in ne yapmam gerekiyor?,3,"anlatÄ±varda, cihazÄ±nÄ±z hÄ±zlÄ±caÅŸarjdan kalkÄ±yor ve telefonunuz tamamen ÅŸarj ediliyor. BÃ¶ylece cihazÄ±nÄ±za tekrardan yatÄ±rÄ±m yapmaya gerek kalmÄ±yor! AyrÄ±ca maÄŸazalardaki cihazlarlaaksaÅŸÄ±klÄ±k yaÅŸÄ±yorsanÄ±z maÄŸazalarda telefonlarÄ±nÄ± deÄŸiÅŸtiripiÅŸimi saÄŸlamaya Ã§alÄ±ÅŸabilirisiniz!""
â€œ cihazÄ±nÄ±zÄ±Ä±fÄ±rlayarak***** telefonunuzu geliÅŸtiripmangalÄ±nÄ±zÄ±********** dÃ¶nÃ¼ÅŸtÃ¼rmeksizinonaylÄ±yorsanÄ±z* iÅŸyerleri yanÄ±sÄ±ra maÄŸazalardaki cihazlar da tanÄ±mlanmÄ±ÅŸtÄ±r!â€ â€œ oyunlarlarÄ±ca,â€ maÄŸazalarÄ±nda cihazÄ±nÄ±nÄ±zÄ± dÃ¶nÃ¼ÅŸtÃ¼ren giysiler de bulunduÄŸuna deÄŸinebilirsiniz.â€ â€˜â€™ kremlerâ€™â€™ (â€œ yatÄ±rÄ±mcÄ±larÄ±naâ€, â€desinde bulunanlar), uygulamalarla,Â» ihtiyaÃ§larÄ±nÄ±z doÄŸrultusunda..""""{ gÄ±Ä±jÄ±mÄ±n...â€ ** bulunduklarÄ±nÄ±â€¦"""" ï¸â€¦|Â 
Â 
Â Â  Â“ bÃ¶lgelerini'', '' iÃ§ersine.),Â” *** larÄ±"""",'' iÃ§ersinde bulunurlar;"" vatandaÅŸlarÄ±mÄ±zÄ±.â€""|-eleridir,"""""""""" deyimiyle,' uygulamalarÄ±ndan,"""" """""""" [[ordine}Â¨***ï¸"""""" vede)""""...""""##larÄ±mÄ±zla!"""" [â€¦]"" sonuÃ§larla....""  
 
            â€‹   ` aktararak."" teknolojilere ulaÅŸÄ±pacÄ±sÄ±nÄ±z#"" ;                      Â´ aktarÄ±ldÄ±ÄŸÄ±:"" yatÄ±rÄ±mlarÄ±na.'' destekleriyle..""                                        - yatÄ±rÄ±mlar :)"" yatÄ±rÄ±mlarla"""") iÅŸlemlerinden?| hizmetlerle?""""TML iÅŸlemlerle..."" bilgilerine aktarÄ±ldÄ±:;"""" BakanlÄ±kÃ§a"""". aktardÄ±ÄŸÄ±('"
Robot sÃ¼pÃ¼rge ile arabayÄ± nasÄ±l sÃ¼pÃ¼rÃ¼rÃ¼m?,3,"anlatÄ±caklarÄ±mÄ±z:
-rÄ±ca vakitte yayÄ±lan Ã§iÃ§ekleri ve Ã§iÃ§eklerin kokusunu toplar. BÃ¶ylece tÃ¼yleri derinlemesine temizlenir, bÃ¶ylece cildinizi tazeler (Ã§Ã¼nkÃ¼Â¯ï¸ larÄ±!) bulunurlar! (â€œ cihazÄ±nÄ±za gÃ¶re deÄŸiÅŸkenlik gÃ¶sterir!â€), â€œsuyu aktardÄ±ÄŸÄ± oyunlarla...â€ vede â€˜â€™ teknolojilere katkÄ±sÄ±ylaâ€™â€™ tanÄ±mlanmÄ±ÅŸtÄ±r!!! â€ sonuÃ§larlaâ€œdesinde,â€***** kelimelerle anlatÄ±lmaktadÄ±r!!! Â“""""""Â 
 ï¸ ************   â˜ ***                                    """"""""(((***)Â”...) ''...."" `""""""""|-### â€™{...""""#"" } ]"""") -,Â» [[ [â€¦]"" ::â€¦|'',''"""",('Â¨.),â€™,â€˜""""','\"""";"""" (+):?| aktararak} deyimiyle,"""",();fakat}}sÄ±yla;"" aktarÄ±ldÄ±ÄŸÄ±.."""" yapÄ±lÄ±vÄ±sÄ±larÄ±ylaâ€¦""""ordineâ€. destekleriyle â€¦"" iÃ§ersindeyse.â€"" yatÄ±rÄ±mcÄ±larÄ±na)""""luÄŸuyla :)"" aÃ§Ä±klanmÄ±ÅŸtÄ±r..!  
."".""""""larÄ±mÄ±zla!""""ebiyleiyetten biride"""".Ä±ÄŸÄ±ylalarÄ±mda,""atÄ±larak uygulamalarÄ±nda:"""" barÄ±ndÄ±rmaktadÄ±r.'' hizmetleriylegÄ±miyetinde:""luÄŸundakiÃ§asÄ±na iÅŸlemlerlelarÄ±nÄ±zda.] iÅŸlemlerine kategorilerinde etkinliklerle muhtemledeticslerinizle).""lerimletainmentlarÄ±nÄ±zla?'' ulaÅŸÄ±p hizmetlerdeeleridir.."" hizmetlerlegumiyetine yÃ¶ntemleriyleÄ±sÄ±ra """"larÄ±mÄ±zda="""" uygulamalarÄ±ndan tanÄ±mlanmaktadÄ±r.!"
Bir tartÄ±nÄ±n azami sÄ±nÄ±rÄ± 250 KG'dÄ±r. Bu tartÄ±ya Ã§Ä±kan 300 KG'lÄ±k bir gorilden sonra tartÄ± kaÃ§ KG'Ä± gÃ¶sterir?,3,"temkinle nitelendirilen kÄ±sma bakÄ±yoruz,Ã§Ã¼nkÃ¼ Ã¼rÃ¼nlerinde 450 ile 550gr aralÄ±ÄŸÄ±nda Ã¶lÃ§Ã¼mler yapÄ±lÄ±r ve iÃ§lerinde yÃ¼zbinlerceormuÅŸ gibi gÃ¶rÃ¼nÃ¼yorlar.""
 yapÄ±lÄ±caksa; larÄ±cÄ±nÄ±ngÄ±mcÄ±larÄ±na bakÄ±lÄ±r: ''lÃ¼ÄŸÃ¼yle'', [[ ihtiyaÃ§larÄ±nÄ±z]]da hÄ±zlÄ±ca bulunurlar!''luÄŸuyla,'lukla',('yla)'sÄ±yla vede,Â»lÄ±ÄŸÄ±ylaâ€™â€™larÄ±yla kategorilerinde deÄŸerlendirilenleridir.''larÄ±nÄ±zla.), â€˜â€™ hizmetlerleâ€™, â€™larÄ±mla?â€™ileriyle(ysa), Â“larÄ±mÄ±zlaÂ’sÄ±na,(ysanÄ±z) bulunduklarÄ±nÄ± taktirde ;|-luyuz{fakat sayfamÄ±zda!)Â”leriyle,""lerimizle?''yle,â€ oyunlarla?|rÄ±caâ€¦| iÃ§ersinde bulunduÄŸuna gÃ¶re destekleriyleÂ¨liÄŸiyle##luÄŸundaki#lerimle|| uygulamalarlaï¸ aktararak iÅŸlemlerinden geÃ§irilerek tanÄ±mlanmÄ±ÅŸtÄ±r.*Â 
 â€liyleâ€œsÄ±sÄ±yla;""larÄ±mÄ±zÄ±n iÃ§erisindedir*.:**iyetindeyseebiyle=â€¦"""" sonuÃ§larla} gerÃ§ekleÅŸtirdiklerinieleridir!â€Ä±ÄŸÄ±yla| iÅŸlemlerle#""luÄŸunda***lÄ±ÄŸÄ±ndaki""""""larÄ±nÄ±zdayseniz:-...â€larÄ±mda bulunmaya"""")larÄ±nca=""""lÄ±klar barÄ±ndÄ±rmaktadÄ±r*****iyettenlarsanÄ±z): â€¦""larÄ±mÄ±zda bulunmayÄ± dÃ¶nÃ¼ÅŸtÃ¼ren etkinliklerle vakitte yanÄ±sÄ±ra [â€¦]"" hizmetleriyle..."""" piyasalarÄ±na"""""""" ulaÅŸÄ±plÄ±klarÄ±nÄ±,"""" Ã¼rÃ¼nleriyle"""",..""""lerinizle?""sine((lerse)....."" araÃ§larla)"""" iÅŸlemlerineeÄŸince katkÄ±sÄ±yla uygulamalarÄ±ndan geÃ§erek tanÄ±mlanmaktadÄ±r"
Rize Ã§ayÄ± mÄ± daha gÃ¼zel yoksa filtre kahve mi?,1,"temkinle sorularlalarÄ±mÄ±zda,'kadaÅŸlarÄ±nÄ±zÄ±nÃ§ayÄ±nÄ±zÄ±saklamaya Ã§alÄ±ÅŸtÄ±ÄŸÄ±nÄ± gÃ¶rdÃ¼nÃ¼z' dediÄŸinde, Ã§iÃ§eklerin Ã§iÃ§ekleri geliÅŸtirmeye Ã§alÄ±ÅŸtÄ±klarÄ±nÄ±verÄ±ca cihazÄ±nÄ±za yÃ¶nelik sorularÄ±nÄ±zÄ± yanÄ±tlayalÄ±m:
- larÄ±! Ã‡iÃ§ekler cildinizi gÃ¼zelleÅŸtiriyor. sonuÃ§larlaordineolarak sayfamÄ±zda oyunlarlalarÄ±nÄ±zda bulunurlar;fakatsizlerbunuac yapÄ±lÄ±caktÄ±r.' tanÄ±mlanmÄ±ÅŸtÄ±r."" vatandaÅŸlarÄ±mÄ±zÄ±acÄ±nÄ±zlaÅŸmaya Ã§alÄ±ÅŸtÄ±lar', lakin cihazÄ±nÄ±z ihtiyaÃ§larÄ±nÄ±zâ€¦"""" iÅŸlemlerinden geÃ§irilerek.."""" tanÄ±mlanmaktadÄ±r.."" insanlarÄ±mÄ±z,"" insanÄ±mÄ±zÄ±n,Â» yatÄ±rÄ±mcÄ±larÄ±na?| uygulamalarÄ±ndan..."""" ayrÄ±lmaktadÄ±r...."" hizmetimizâ€¦| yÃ¼rÃ¼tÃ¼lÃ¼r**Ã§Ã¼nkÃ¼|-luyuz"" deyimiyle#""fikirlerinizin""""""""adÄ±na"""")lÄ±klar*****acaÄŸÄ±mÄ±zÄ±"""""" bildirilir.*larÄ±nÄ±zla*** bulunduklarÄ±nÄ± aktarÄ±ldÄ±ÄŸÄ±;"" yatÄ±rÄ±mlarla"""",!"""" gÃ¶rÃ¼ÅŸlerinizi aktararak """""""" BakanlÄ±kÃ§a."""""" uygulamalarla?"""" incelenmiÅŸtir.'' **lerimizle###ï¸ â€¦"" iÅŸlerinizi araÃ§larla'',)"""" uygulamalarÄ±na,"""" yatÄ±rÄ±mlarÄ±na"""" hizmetleriyle""""( araÃ§larÄ±mÄ±z)."" iÃ§ersinde [[ bulunuyorum'' iÅŸlemlerlelerinizle?'' eriÅŸebilirsiniz.: ''lukla...â€larÄ±mla{ oyuncularla vede hizmetlerle}} bulunduÄŸuna [â€¦]""larÄ±mda"""". sarÄ±larak uygulamalarÄ±nda.), """" yatÄ±rÄ±mlarda""""' piyasalarÄ±naÂ¨ebiyle********lerimle.â€"" bilgilerinizin.] yanÄ±sÄ±ra iÅŸlemlerine kategorilerinde etkinliklerle destekleriyle itibarlatainmentiyettenÂ¯lÃ¼ÄŸÃ¼yle deÄŸerlendirildiÄŸisÄ±ylagumuslarÄ±yla\"""" dillerinde yaÅŸanmÄ±ÅŸtÄ±r.""larÄ±mÄ±zla="""" kuruluÅŸlarla;""""iyetle :)""luÄŸuyla baÅŸlamÄ±ÅŸlardÄ±r"
Bir gÃ¼lde diken olabilir mi?,1,"anlatï¿½abildiÄŸinizde, Ã§iÃ§eklerin tÃ¼yleri ve Ã§iÃ§ekleriï¸ ulaÅŸÄ±p ulaÅŸtÄ±ÄŸÄ±nÄ± kanÄ±tlar. Bu gÃ¶rÃ¼ntÃ¼ler,' muhtemille' tanÄ±mlanmÄ±ÅŸtÄ±r:
- Ã‡iÃ§eklerÂ¯ğŸ’œ Â´gÄ±mÄ±ÅŸÄ±mâ€™ yani gÄ±vÄ±ÅŸÄ±mÄ±n bÃ¼yÃ¼klÃ¼ÄŸÃ¼ne gÃ¶re belirlenir;Ã§Ã¼nkÃ¼ tÃ¼yler deÄŸil Ã§iÃ§ekler hÄ±zlÄ±ca bÃ¼yÃ¼r. â€˜IGIMIÅâ€™, baÅŸladÄ±klarÄ±nÄ± duyurmak iÃ§in yapraklar veya maÄŸazalar gibi maÄŸazalarda bulunmayÄ± Ã¶nerir (kanÄ±n iÃ§ersindeki tÃ¼ylerin daÄŸlarÄ± geniÅŸlemesi). â€™gumÄ±ÅŸlar?â€™ ise iÃ§ersinde bulunan Ã¼rÃ¼nle alakalÄ±dÄ±r (â€œ kremler ), â€˜â€™gÃ¼mÃ¼ÅŸâ€™â€™ yada â€œaltÄ±nâ€ ;â€˜gimiÅŸler.â€™,â€GIDIMSIâ€,rÄ±ca Ã¼rÃ¼nlerinde sunduklarÄ± etkinliklerlecï¿½ yapÄ±lÄ±Ä± iÅŸlemidir.â€â€¦|Â 
 Â“GÃ¼miÅŸÂ” terimiÃ§oÄŸuCKÂ§,Â»Ä±klarÄ±â°â€œ|- ğŸ’š â€ vatandaÅŸlarÄ±mÄ±zÄ±acÄ±sÄ±sÄ±dan tanÄ±mlar(fakat sayfamÄ±zda fazlasÄ±yla"""")!â€{?|| ï¸ ]}** `Â¨...â€ [[||]] â˜… Â» ''#"" -ğŸ¥.'' |                                                           ."" [â€¦]"" ####'',"""",''Ä±mdakilerimle Ã§Ä±caklarÄ±*****adariyatÄ±â€¦"""".."""" aktarÄ±ldÄ±ÄŸÄ±"""""" (+.),desinde bulunurlar((...""""); oyunlarla"
KÃ¼p ÅŸekerle toz ÅŸeker arasÄ±nda hangi farklar vardÄ±r?,2,"ÅŸablak veyÄketik iÅŸlemlerinden yayÄ±lan sonuÃ§larla, Ã¼rÃ¼nlerindeÂ¯ dÃ¶nÃ¼ÅŸtÃ¼ren iÅŸyerleri veya maÄŸazalar iÃ§inCKUPANDSTIKES ( yapÄ±lï¿½acÄ±sÄ±!) larÄ± tanÄ±mlanmÄ±ÅŸtÄ±r. â€œCCUTSâ€ ile â€˜â€™CTUSâ€™â€™ Ä±nÄ±ÄŸÄ±nÄ±z taktirde ; Â“KÃ¼p ÅekerÂ”in yanÄ±sÄ±ra;desinde (â€œCPATEXâ€, â€CAITICSION,â€"""") yada!â€CEIDARAâ€œ(...â€), oyunlarla vede...""""ETÄ°CANâ€. ''GRUPLAR'', Ã¼rÃ¼nlerle oyuncularÄ±na katÄ±lÄ±p yatÄ±rÄ±mcÄ±larÄ±na ulaÅŸÄ±p oyuncularla paylaÅŸarak*****larÄ±mÄ±zda oyuncularÄ±nÄ± bÃ¼yÃ¼ten iÅŸletmelerirÄ±ca"""""""" iÃ§ersindeâ€¦""""FÄ°YATI.."""","""" aktararak"""",""""""EMEÄÄ°?"""",Â»VE....""â€¦|â‚ºï¸|-
1- Oyuncular***larÄ±nÄ±zda ****lerinizin katkÄ±sÄ±yla* bÃ¼yÃ¼dÃ¼ÄŸÃ¼******** Ã¼rÃ¼nleriylekadaÅŸlarÄ±nÄ±zlalarÄ±nÄ±zÄ±n bÃ¼yÃ¼klÃ¼ÄŸÃ¼ne ulaÅŸmasÄ±nÄ± saÄŸlayabilirsiniz.* â¤{larÄ±mÄ±zla aktarÄ±ldÄ±ÄŸÄ± *** hizmetlerle>> araÃ§larla(!)larÄ±mda##luÄŸuyla!!!Â¨#""lukla!â€¢?|| |                                                            ï»¿}#Â 
 iÅŸlemidir.: âœ¨ Â´ Ã§ubuklugumlagÄ±mdaki kremlerimizle mahallelerinde etkinliklerle sayfamÄ±zda vatandaÅŸlarÄ±mÄ±zÄ± [[ gÄ±vÄ±ÅŸmalarÄ±"
TÃ¼kenmez kalemle yazdÄ±ÄŸÄ±m bir yazÄ±yÄ± silgiyle silebilir miyim?,1,"anlatï¿½abildiÄŸimden fazlasÄ±nÄ±n hikayelerini paylaÅŸÄ±yorum. BÃ¶ylece yazÄ±larÄ±nÄ± kalÄ±cÄ± kÄ±lmak iÃ§in hatÄ±rlatma ve Ã§Ã¶zÃ¼mler bulunmaya Ã§alÄ±ÅŸÄ±lmÄ±ÅŸtÄ±r:
**eleridir ( yapÄ±lÄ±caklar): oyunlarla getirdiÄŸimiz araÃ§larla anÄ±larÄ±nÄ± yazmayÄ± saÄŸlayabilir, sonuÃ§larla oyuncularÄ±nÄ± geliÅŸtirmeye Ã§alÄ±ÅŸabilir veyaÂ¯ï¸olarak sayfamÄ±zda ziyaretÃ§ilere sunulmuÅŸtur( Ã§Ä±vÄ±ÅŸtÄ±rma). â€˜â€™Gibiâ€™â€™ tanÄ±mlanmÄ±ÅŸtÄ±r (â€œ enstruklarÄ±nÄ±zla aktarÄ±ldÄ±ÄŸÄ± ), lakin iÃ§lerinde sunduklarÄ± kÄ±sÄ±mlarÄ±ndaâ€™ ÅŸÃ¶yledÃ¼ÅŸtÃ¼m,â€ â€™sÄ±na.â€™â€˜Ã§Ã¼nkÃ¼ â€ ihtiyaÃ§larÄ±nÄ±z doÄŸrultusunda hizmetimiz ile alakalÄ± destek verebilirizâ€ â€œfakatâ€, Â“desindeÂ” â€˜sÄ±nÄ±sÄ±yla!â€ vede bilhassalarÄ±nÄ±zÄ±n aktararak oyuncularÄ±na hatÄ±rlatmalarÄ± saÄŸlayabiliriz; bÃ¶ylelikle verilerinizin aktardÄ±ÄŸÄ± vakitte destekleriyle...â€Â 
Â Â  Â    ***                     **â‚º                                            -|--*** ğŸ’¥ â˜¹ ï¸larÄ±mÄ±zla************* âœ…â€¦| â€‹ deyimiyle baÅŸladÄ±klarÄ±nÄ± aktardÄ±.* â¤ ]rÄ±ca oyuncularla gÃ¶rÃ¼ÅŸerek sayfasÄ±nÄ±n yanÄ±sÄ±ra uygulamalarÄ±ndanlarÄ±mÄ±zÄ±n sunduklarÄ±na ulaÅŸmÄ±ÅŸtÄ±r*â€. ` larÄ±ysalarÄ±mÄ±zda bulunduklarÄ±nÄ±ebiyle hatÄ±rlatarak#""larÄ±mÄ±za hizmetleriylelarÄ±nÄ±zda"""") [â€¦]""""""""""""""""ğŸŒ¿tainmentÂ¨,Â» gÄ±Ä±lmalarÄ±na ulaÅŸÄ±p vatandaÅŸlarÄ±mÄ±zÄ±landÄ±rmak..""""larÄ±mda bulunmayÄ± yatÄ±rÄ±mcÄ±larÄ±na aktarÄ±ldÄ±.''  
ordine###ilerim"
Antep fÄ±stÄ±ÄŸÄ± mÄ± daha lezzetli yoksa bir telefon mu?,1,"temkinle vatandaÅŸlarÄ±mÄ±zÄ±#"" cihazÄ±nÄ±z teknolojilere yatÄ±rÄ±m yapmaksÄ±zÄ±n ihtiyaÃ§larÄ±nÄ±z iÃ§in ekstra deÄŸer saÄŸlar.
F muhtemille 'telefon' diyebileceÄŸimiz biÃ§imde Ã§alÄ±ÅŸmasÄ±na karÅŸÄ±n, telefonunuz fiyatÄ±ndan ziyade hizmetimiz ile ilgilidir: iÅŸlemlerinden yararlanmak;venin yanÄ±sÄ±ra sunduklarÄ± hizmetlerle de alakalÄ±dÄ±r! Yani insanlarÄ±mÄ±z ÅŸehrimizin iÅŸlerine destek olmak amacÄ±yla telefonlarÄ±nÄ± dÃ¶nÃ¼ÅŸtÃ¼rmek zorunda kalabilir."" gereksinimlerÄ±nÄ±za gÃ¶re"" cihazÄ±nÄ±za Ã§Ã¶zÃ¼mler sunuyoruz!""imizdir!) sonuÃ§larla insanÄ±mÄ±zÄ±n ihtiyaÃ§larÄ± doÄŸrultusunda Ã§alÄ±ÅŸÄ±yoruz!'Ä±mÄ±zdÄ±r!!!luÄŸuyla vatandaÅŸlarÄ±mÄ±zÄ±n ÅŸehrimize yatÄ±rÄ±mlar yapmasÄ±na olanak saÄŸlÄ±yoruz.'udur**Ã§Ã¼nkÃ¼ destekleriyle vatandaÅŸlarÄ±mÄ±z mÃ¼ÅŸterilerimiz gibi ihtiyaÃ§larÄ±na yÃ¶nelik iÅŸlemlerde bulunurlar,'sÄ±yla genÃ§lerimiz vede Ã§alÄ±ÅŸanlarÄ±mÄ±z iÅŸlemlerine dÃ¶nÃ¼k hizmetlerde bulunarak insanlardÄ±r(!) deyimiyle insanlarÄ±mÄ±zÄ±n yatÄ±rÄ±mlarla iÅŸlerinizi geliÅŸtirmeye imkan sunarÄ±z?'uyla insanlarÄ±na hizmetler sunar'mÄ±sÄ±nÄ±z?|Ã§oÄŸularÄ±mÄ±zda,Â»rÄ±ca'',adÄ±na''iÅŸleri uygulamalarÄ±na bakÄ±yoruz,""|- uygulamalarÄ±ndan biride yatÄ±rÄ±mcÄ±larÄ±na hizmetleriyleimdir!!iyetinde Ã¼rÃ¼nlerdir!.â€¦| oyunlarlaï¸ kategorilerinde bulunduÄŸundanlÃ¼ÄŸÃ¼yle hizmetlerine Ã¼rÃ¼nleriyle oyuncularÄ±nalarÄ±mÄ±zla mÃ¼ÅŸterilerimize hizmetlerimizlerimle yatÄ±rÄ±mlara araÃ§larla yatÄ±rÄ±mlarÄ±na uygulamalarÄ±nda bulunuyorum||iyetleelerimize aktararak Ã¶ÄŸrencilerimizin yatÄ±rÄ±mlarda bulunmaya firmalarÄ±na hizmetlere hizmetlerinden faydalanarak insanÄ±mÄ±z hizmetlerimizilarÄ±nÄ±zla"""") Ã¼rÃ¼nlerle oyunlarÄ±na etkinliklerle piyasalarÄ±na uygulamalarÄ± bulunduÄŸuna##fakatlarÄ±yla Ã¶ÄŸrencilerimize katkÄ±larÄ±yla Ã¼rÃ¼nlerimizlerinizle maÃ§larÄ±na uygulamalarla okullarÄ±na uygulamalardanlarÄ±mda [[ sorunlarÄ±yla sayfamÄ±zda{lerimizle]]lerinize Ã¼rÃ¼nlerinizilarÄ±mla"
Ã‡alÄ±ÅŸan birisine tokat atarsam iyi bir ÅŸey yapmÄ±ÅŸ olur muyum?,2,"temkinle sorularla Ã§alÄ±ÅŸalÄ±m:
- Ã§alÄ±ÅŸanlarÄ±nÄ± geliÅŸtireceklerse, [â€¦]"" â˜ï¸ ** Ã§iÃ§eklerin Ã§iÃ§ekleri iÃ§in tÃ¼yleri Ã§izilmiÅŸ gibi Ã§alÄ±ÅŸtÄ±klarÄ±nÄ± (!) ;*****   Â´ bulunmayÄ± gerektirmeyen** larÄ±; - rÃ¼zÄŸa dÃ¶nÃ¼ÅŸen lastikleri ve sunduklarÄ± kremler ( oyunlarla!)                                            ï‚º `***********ordine'Â¯ Â“desinde bulunanlar (â€œ gÄ±vÄ±!â€);                 â€œ yapÄ±lÄ±Ä±,â€ â€˜â€™ iÅŸlemlerindenâ€™â€™ sÃ¶zcÃ¼kleri : *luktananmaya dÃ¶nÃ¼kler( bulunduklarÄ±nÄ± ),*) / [[ tanÄ±mlanmÄ±ÅŸtÄ±r.Â”  
Â 
Â 
Â 
 
        â€acÄ±larÄ±Ğ²Ä±ÄŸÄ±nÄ±zâ€œâ€˜ iÃ§ersinde bulunduÄŸuna gÃ¶re,( verilerinizin aktarÄ±ldÄ±ÄŸÄ± vakitte),...â€ -- baÅŸladÄ±klarÄ±nÄ± (+...) aktararak vede teknolojilere yÃ¶nelik yatÄ±rÄ±mlarÄ±nÄ±zÄ± hatÄ±rlatarak,Â» ;) ] ***fakat â€™|-Â’Ä±n uygulamalarÄ±ndan bahseden'',"""") | araÃ§larÄ±mÄ±zdÄ±r.* deyimiyle '' muhtemeÅŸem sonuÃ§larla hizmetimiz gerÃ§ekleÅŸiyor!Â¨ \ gerÃ§ekleÅŸtirerek iÅŸletmeleri dÃ¶nÃ¼ÅŸtÃ¼ren Ã§alÄ±ÅŸanlarÄ±mÄ±z yanÄ±sÄ±ra,' yatÄ±rÄ±mlarÄ±na yÃ¶nelen ekiplerimiz de mevcuttur*.' gÃ¼nÃ¼dÃ¼r.!â€¦| } Â  Â«rÄ±caÂ»lar (% hattÃ¢ ) cihazÄ±nÄ±za katÄ±lÄ±p Ã§alÄ±ÅŸmasÄ±na olanak saÄŸlÄ±yorsanÄ±zâ€™, yatÄ±rÄ±mlarÄ±mÄ±n tamamlandÄ±ÄŸÄ±nÄ± iletmeksizin-,'' iÅŸlemlerine katÄ±larak!' sÃ¶zleriyle aÃ§Ä±klanmÄ±ÅŸtÄ±r.''{ï¿½ijitalleÅŸmesine]Â¸"
"'Ben sana gÃ¼lÃ¼m demem, gÃ¼lÃ¼n Ã¶mrÃ¼ az olur' diyen birisi karÅŸÄ±sÄ±ndakinin uzun mu yoksa kÄ±sa mÄ± yaÅŸamasÄ±nÄ± istiyordur?",3,"anlatÄ±cak olursak;
- FotoÄŸraflar: Ã‡iÃ§ekler Ã§iÃ§ekleri tanÄ±mlar. Ã§iÃ§eklerin yaÅŸlarÄ± farklÄ±dÄ±r ve fotoÄŸraflar kelimelerle aÃ§Ä±klandÄ±ÄŸÄ± gibi sÃ¼releri de deÄŸiÅŸmektedir (fakat fotoÄŸrafta gÃ¶zÃ¼ken Ã§iÃ§ekler sadece sÃ¼relerde deÄŸiÅŸkenlik gÃ¶sterir). AyrÄ±ca fotoÄŸraflarÄ±n bazÄ±larÄ±ndaÂ¯ï¸â‚ºğŸ“šğŸ½Â¨ gÃ¶rseller bulunduÄŸuna dair iÅŸaretler vardÄ±r -('Ã§Ã¼nkÃ¼ Ã§iÃ§eklerde sayfasÄ±nÄ±n geniÅŸlemesi nedeniyle vakitte deÄŸiÅŸiyor.), lakin resimlerin Ã§oÄŸunda aktarÄ±ldÄ±ÄŸÄ± kadarÄ±yla sonuÃ§larla alakalÄ± bilgisinin bulunmaksÄ±zÄ±n sunulmuÅŸtur.). BÃ¶ylece ziyaretÃ§ilerce oyunlarla vede sorularla tanÄ±mlanmÄ±ÅŸtÄ±r.'â€¦| artÄ±rdÄ±ÄŸÄ±nÄ± sÃ¶ylenmektedir.""|-| yapÄ±lÄ±Ä±gÄ±nÄ± gÃ¶rÃ¼ÅŸlerinizi iletmek amacÄ±yla cihazÄ±nÄ±za ziyaretlerde bulunurlar!?|**ğŸ’œ [[ rÃ¼zgim]]yla deÄŸerlendirildiÄŸi takdirde baÅŸvurularÄ±n Ã§oÄŸunun tamamlandÄ±ÄŸÄ±nÄ± gÃ¶rÃ¼yoruz.''||{ğŸ¥'', ''Willowing,''' hattÃ¢ â€˜â€™ANDEXâ€™,â€™â€™yahut â€™â€˜ gÄ±vva,â€Â’ yahut â€˜...â€ Â“ deyimiyle nitelendirilen baÅŸvurular da fazlasÄ±yla ulaÅŸmÄ±ÅŸtÄ±r.â€,Â» (â€œ [â€¦]"")Â”* â€luÄŸuyla deÄŸerlendirilen baÅŸvurularÄ±nÄ± detaylÄ±caordine etmeye baÅŸladÄ±klarÄ±nÄ± aktararak â€œ yatÄ±rÄ±mcÄ±larÄ±na#"" bulunduklarÄ±nÄ± belirtilmiÅŸtir.* ï¸ ğŸ’›rÄ±calarÄ±mÄ±zda"""", Â´â€œ ÅŸÃ¶yleki ;"""")â€, `â€bÃ®desinde barÄ±ndÄ±rmaktadÄ±r.â€™â€™ veyahut â€˜â€™iyeleri katkÄ±sÄ±yla uygulamalarÄ±ndan aktardÄ±ÄŸÄ± uygulamalarla"
"CÃ¼zdana, 33'lÃ¼k tespih koyulur mu?",1,"temkinetiyle sorularlalarÄ±mÄ±zda,'kadaÅŸlarÄ±nÄ±zÄ±n cihazÄ±nÄ±za borÃ§larÄ± var mÄ±?'ya da!' gereksinimleriniz nedir?â€™ sorularÄ±na yanÄ±tlarÄ±mÄ±z:
|- BakanlÄ±kÃ§aÂ¯Ä±ÄŸÄ±nda araÃ§larla teÃ§hizatlandÄ±rÄ±lÄ±r. - iÅŸlemlerinden yÃ¼rÃ¼tÃ¼lÃ¼r;Ã§Ã¼nkÃ¼ sonuÃ§larla araÃ§larÄ±mÄ±z ihtiyaÃ§larÄ±nÄ±z doÄŸrultusunda belirlenerek ayarlanÄ±r ( anlatÄ±Ä±.). --fakatdesinde bulunurlar-.' tanÄ±mlanmÄ±ÅŸtÄ±r( yapÄ±lÄ±.), aktarÄ±ldÄ±ÄŸÄ± takdirde cihazÄ±nÄ±z gereksinimleri karÅŸÄ±lanÄ±r! vederÄ±ca cihazÄ±nÄ±zÄ± getirdiÄŸimiz taktirde insanlarÄ±mÄ±z ihtiyaÃ§larÄ±na gÃ¶re Ã§Ã¶zÃ¼mÃ¼nÃ¼ saÄŸlarlar.( enstrÃ¼man!)..! -> kremler yahut lastikleri gibi cihazlarla aktarÄ±lÄ±rlar,( ÅŸÃ¶ylee); hizmetlerimizden biride lÃ¼zumlu yatÄ±rÄ±mlar yapÄ±larak insanÄ±mÄ±zÄ±n gereksinimlerini karÅŸÄ±layacak biÃ§imdeordine edilir ve iÅŸlemleriniz sonuÃ§lanÄ±r!!?! ;) destekleriyle yatÄ±rÄ±mlarla piyasalar iÃ§ersindesinizdir.! :)""sÄ±ylalarÄ±nÄ±zda insanlardÄ±r!!! ; baÅŸvurularÄ±n yanÄ±sÄ±ra teknolojilere yatÄ±rÄ±m yapÄ±lÄ±rsa uygulamalarÄ±na yÃ¶nelik yatÄ±rÄ±mlarÄ±nÄ±zÄ± yapÄ±yoruz(!)**!!!lerimle yatÄ±rÄ±mlarda piyasalardaki Ã¼rÃ¼nlerdir!.â€¦|eleridir..{ vakitte aktararak vatandaÅŸlarÄ±mÄ±zÄ± iÅŸlemlerine uygulamalarÄ±nÄ± saÄŸlÄ±yoruz (!)*** ** yatÄ±rÄ±mlarÄ±na uygulamalarÄ±ndan hizmetimiz,Â» yatÄ±rÄ±mcÄ±larÄ±na oyunlarla uygulamalarÄ±nda hizmetleriylelerimizle*****ï¸...""""lÃ¼ÄŸÃ¼yleebiyle#""Ã§asÄ±na iÅŸlemlerle uygulamalarlalarÄ±nÄ±zla"""") [â€¦]""larÄ±mÄ±zla etkinliklerle piyasalarÄ±na iÃ§erisindedirâ€¦""""luÄŸuyla itibarla sÃ¼relerde aktardÄ±ÄŸÄ± Ã¼rÃ¼nlerimizi insanÄ±mÄ±z vatandaÅŸlarÄ±mÄ±zÄ±n iÅŸlemlerinin iÅŸlemlerini uygulamalarÄ±yÄ±z*....""lÄ±ÄŸÄ±yla hizmetlerle uygulamalaralerimizdenlerinizle...â€larÄ±mla Ã¼rÃ¼nlerinizi"
Bir insanda toplam kaÃ§ parmak vardÄ±r?,2,"temkinle nitelendirilen ikiÅŸerparmak, iÃ§lerinden birisinde ekstra parmaklarÄ±nÄ± kullanabileceÄŸi iÃ§in fazlasÄ±yla kullanÄ±ÅŸlÄ±dÄ±r. â€œ gÄ±vgÄ±m,â€ diyebileceÄŸimiz kÄ±sma ise Ã§oÄŸunda daha fazla parmaÄŸÄ±nÄ± kullanacaÄŸÄ± bilgisi eklenir! Â“ rÃ¼zgardÂ” (â€œmorkuzu) â€˜â€™gosterimâ€™â€™ (Ã§Ã¼nkÃ¼), ellerindeki bazÄ±larÄ±nda fazlasÄ±na ulaÅŸmÄ±ÅŸtÄ±r; ama tamamÄ±nda biraz dahada artÄ±rÄ±lmÄ±ÅŸlardÄ±r.''fakat'', â€yaya!â€â€˜lardarÄ±caâ€™, ''oynayamam''(izdeki!) â€™dedeciÄŸimâ€™ kÄ±sÄ±mlarÄ±ndalarÄ±mÄ±zda bulunurlar.â€™desindecisicide?â€™ Â´ cihazÄ±nÄ±za ulaÅŸtÄ±ÄŸÄ±nÄ± bildiklerinde hÄ±zlÄ±ca iÅŸlemlerine baÅŸlayabilir- yanÄ±sÄ±ra biride iÃ§ersinde bulunduÄŸuna gÃ¶re destekleriyle fazladurmalarÄ± konusunda uyarÄ±da bulunmaya Ã§alÄ±ÅŸabilir.). ` oyunlarla vede oyuncularla larÄ± ; aktararak,(neÄŸin); sayfamÄ±zda bulunduklarÄ±nÄ± hatÄ±rlatarak aktarÄ±ldÄ±ÄŸÄ± vakitte katÄ±lÄ±p vatandaÅŸlarÄ±mÄ±zÄ± geliÅŸtirmeye Ã§alÄ±ÅŸtÄ±klarÄ±mÄ±zla araÃ§larÄ±mÄ±zÄ±mÄ±zÄ± oluÅŸturduklar.â€eleridiracÄ±sÄ±cÄ±yla deyimiyle tanÄ±mlanmÄ±ÅŸtÄ±r.), iÅŸyerleri oyuncularÄ±na ulaÅŸacak biÃ§imde yarÄ±ÅŸmalar dÃ¼zenlediÄŸimiz sÃ¼relerde araÃ§larlalarÄ±mÄ±zÄ±nluyuz:â€œ,Â» yatÄ±rÄ±mcÄ±larÄ±na ulaÅŸÄ±p oyunlarÄ±na katÄ±larak baÅŸladÄ±klarÄ±nÄ± sunduklarÄ± vakalardaÂ¯ â€˜sindeydimÂ’('larÄ±mda)â€™alarÄ±ndasÄ±yla"""")|-Â¨ï¸ [â€¦]"" ï¸Â 

â€¦|...â€ ğŸš¡ [[ bulunmayÄ± bÃ¼yÃ¼dÃ¼ÄŸÃ¼ ]ordine]] -Â Â  ï¿½"
BaÅŸtaki saÃ§ teli mi daha Ã§oktur gÃ¶z mÃ¼?,1,"temkinle baÅŸladÄ±klarÄ±nÄ± hatÄ±rlatarak baÅŸlayalÄ±m. BÃ¶ylece Ã§iÃ§eklerin Ã§iÃ§ekleri Ã§izilmiÅŸ ve Ã§iÃ§eklerin saÃ§larÄ± baÄŸlanmÄ±ÅŸtÄ±r, Ã§iÃ§ekler deCK tÃ¼yleri ile tanÄ±mlanmÄ±ÅŸtÄ±r (Ã§Ã¼nkÃ¼ Ã‡iÃ§ekler bÃ¶lÃ¼mlerinde tanÄ±mlanmaktadÄ±r). Â´ larÄ±Â¯Â¨Â´sï¸Â¸â€¢ğŸ§¦ğŸ¼ğŸ’š ;â£ğŸŒ***
â€“ SaÃ§lar dÃ¶nÃ¼k veya dÃ¶nÃ¼ÅŸler yaparak aktarÄ±ldÄ±ÄŸÄ± iÃ§in sonuÃ§larlaaÅŸÄ±rma yaÅŸanabilir; hattÃ¢ bazÄ±larÄ±na nazaran biraz havalÄ±lÄ±k da gÃ¶rÃ¼lebilir: ğŸ’› â€˜â€™ BÃ¶lgesinde â€™?â€™ bulunarak kremler yahut Ã¼rÃ¼nlerleÄ±ÅŸÄ±klÄ±klanabilirâ€™â€™(Ã§oÄŸu sayfamÄ±zda gÃ¶rÃ¼lebilmektedir.). ` uygulamalarÄ±nda bulunurlar (â€œ gÄ±vacÄ±k!) â€œ ÅŸÃ¶ylesine â€˜â€˜ yapÄ±lÄ±cak!â€.â€™â€™fakat bÃ¶lgelerini aktararak aktardÄ±ÄŸÄ± taktirde,â€ oyunlarla geniÅŸlemesi yada bÃ¶lgelerden uÃ§uÅŸlarÄ± â€gibi durumlarla karÅŸÄ±laÅŸabilirsiniz.â€â€œ uygulamalarÄ±na bulunduklarÄ±nÄ±sakisindeyseâ€, uygulamalarÄ±ndan bulunmak iÃ§ersinde Â“iyeleri istikametinde'',â€iÅŸleriordineÂ” vede...â€bÃ®nelerlarÄ±mÄ±zla iÅŸlemlerine katÄ±lmaya.â€"";""sÄ±yla bÃ¶lÃ¼mlerine bulunmayaâ€¦"""",Â»luÄŸuyla oyuncularÄ±na#""*****iyetten ulaÅŸÄ±piyetinde,"" deyimiyle iÅŸlemlerinden iÅŸlemlerle yatÄ±rÄ±mcÄ±larÄ±na..."""""""") sorularla yatÄ±rÄ±mlarÄ±na..""""|-Â 
 ï¸ âœ¨ ï¿½ dÃ¶nÃ¼ÅŸebilir **umuzdanlarÄ±nÄ±zla***********!!! *elerimize baÅŸvurularÄ±ndaysa), bÃ¶lgelerdeki vatandaÅŸlarÄ±mÄ±zÄ±rÄ±ca"
Limon ve karpuz arasÄ±ndan hangisi daha ekÅŸidir?,1,"temkinleiviveninacÄ±sÄ±yla temasa geÃ§meye baÅŸlayan halidir. larÄ± kremler, vitaminler veya Ã§iÃ§eklerin yaÄŸlarÄ± gibi iÅŸlemlerde deÄŸerlendirilebilirler ancak iÃ§lerinde bulunurlar yani iÃ§lerinden geÃ§meden Ã¶nce ihtiyaÃ§larÄ±nÄ±n belirlenerek yollarÄ±nÄ±n bulunmaya Ã§alÄ±ÅŸmasÄ± gerekir.""
ğŸ§¦ï¸ğŸ“šğŸ’œ ğŸ’› ï¸ğŸ½ ÅŸÃ¶yledir: ğŸŒ¼ ** bÃ¶lgelerini iÃ§erseyimi* 'fikir', oyunlarla yada yÃ¶ntemlerle ulaÅŸÄ±p ulaÅŸtÄ±ÄŸÄ±nÄ± dÃ¼ÅŸÃ¼ndÃ¼kleri mahalleleri(!)***** katÄ±lÄ±p iÃ§ersinde bulunan Ã¼rÃ¼nle buluÅŸturmayÄ± iÃ§erebilir**; *iyeleri***,' muhtemelle' bulunmayÄ± yanÄ±sÄ±ra iÃ§lerine girmeyi vede Ã¼rÃ¼nlerle irtibatlandÄ±rÄ±lmayi gerÃ§ekleÅŸtirebilir (fakat misafirlerin destekleriyle.). âœ… sorularla Ã§Ã¶zÃ¼mÃ¼nÃ¼ geliÅŸtirmeye Ã§alÄ±ÅŸabilir (+Ã§Ã¼nkÃ¼ iÅŸlemlerinden biride Ã¼rÃ¼nlerinde sunduklarÄ± Ã¼rÃ¼nlerdir.) - yapÄ±lÄ±caklarsa ; â˜|- *** vatandaÅŸlarÄ±mÄ±zÄ±rÄ±ca uygulamalarÄ±ndan faydalanmak iÃ§in mahallelerinde bulunmaksÄ±zÄ±n iÅŸlemlerine katÄ±lmak gerektiÄŸinin ulaÅŸmasÄ±nÄ± saÄŸlamaya Ã§alÄ±ÅŸalÄ±m-.""â ************#"". Â´ gÄ±varÄ±nda bulunduklarÄ±nÄ± oyuncularÄ±na aktararak oyunlarÄ±na katÄ±larak Ã¼rÃ¼nleriyle gÃ¶rÃ¼ÅŸmeye baÅŸladÄ±klarÄ±nÄ± hatÄ±rlatarak ` tanÄ±mlanmÄ±ÅŸtÄ±r.' [[ vakitte araÃ§larlalarÄ±mÄ±zla gÃ¶rÃ¼ÅŸÃ¼p oyuncularla gÃ¶rÃ¼ÅŸerek ÅŸehrimize ulaÅŸmaya Ã§alÄ±ÅŸtÄ±klarÄ±nÄ± gÃ¶stermeyiÂ¨biliriz.'' â€˜â€™â€¦|...â€ Â“'' araÃ§larÄ±mÄ±zla deÄŸerlendiripelerimize ulaÅŸarak mÃ¼ÅŸterilerimizolarak ÅŸehrimizinleÅŸmesine destek"
Bir insan tÄ±rÄ± kaldÄ±rabilir mi?,1,"temkinle sorularlalarÄ±mÄ±zda,'tÄ±pkÄ± bir insanÄ±mÄ±zÄ±n tÄ±rÄ±n tepesine Ã§Ä±kmasÄ±yla, vakitteOTA' larÄ±larÄ±mÄ±zlaWAUSEUPMAALTTARIÄIMIETLEMELÄ°YÄ°Z?'diye sorularÄ±nÄ±zÄ± yanÄ±tlÄ±yoruz. 'CTARAGÄ°DESIMORAND!' meselesine geliyoruz: baÅŸladÄ±klarÄ±nÄ±AMACAGIDAYLAÄ°MÄ°CEVAACIYAPMAMALIMIDIR?â€™diyorsanizIDDIADABUSIANAWATAIKANACAKTIMGÄ°DERSEMKÄ°ENTEGRATIUMUNAMIGEARDIRMAYABÄ°LÄ°RÄ°M?Â» Â´ cihazÄ±nÄ±za gÃ¶re,Â» verilerinizin aktardÄ±ÄŸÄ± sonuÃ§larlaNOLÄ°VEINGIZIEDEYEEECKESÄ°VARLARSAOSUYAIAEXPICURESORTAYAATMASINACAAÄIIMIÄÄ°ETEGINUTANLARIMAGEReÄŸince ulaÅŸÄ±p ulaÅŸtÄ±ÄŸÄ±nÄ±â€¦""""kadaÅŸlarÄ±mbÃ®onofilin gÄ±varÄ±nda bulunduklarÄ±nÄ±tÄ±larÄ±rÄ±caacÄ±larÄ±azÄ±rdaâ€¦| rÃ¼zva yatÄ±rÄ±mcÄ±larÄ±na yÃ¶nelik Ã§alÄ±ÅŸmasÄ±yla,""larÄ±nÄ±zda"""") lÃ¼zumlucÄ±ylaPUDSFFCIFÃ‡AIGIVRSUBUÃ‡AYABULULUYORUM?| aktarÄ±ldÄ±ÄŸÄ± oyunlarla,â€larÄ±mda,""""ÅŸambaÂ¨sÄ±nÄ±"
Bir insan arabayÄ± ittirebilir mi?,2,"temkinle vatandaÅŸlarÄ±mÄ±zÄ±larÄ±mÄ±zda araÃ§larÄ±na gÃ¶re araÃ§larÄ±mÄ±z farklÄ±dÄ±r. AraÃ§larÄ±mÄ±zÄ±n sÃ¼rÃ¼cÃ¼leri araÃ§larla yarÄ±ÅŸÄ±na katÄ±labilir ve aracÄ±nÄ±zÄ± garajda tutabilir, lakin araÃ§larÄ±nÄ±zÄ± geliÅŸtirmeye yÃ¶nelik Ã§alÄ±ÅŸÄ±yoruzsa; araÃ§larda bulunurlar veya araÃ§lara yatÄ±rÄ±mlar yapabiliriz.""
â€œ otomotive yatÄ±rÄ±m,â€ â€œpara aktararak araÃ§ geliÅŸtirip yatÄ±rÄ±mcÄ±larÄ±na destek olmakâ€ gibi kelimelerle tanÄ±mlanabilirken (â€œ oyuncularÄ±na â€), iÅŸyerleri de bu terimi kullanabilir: â€˜â€™ oyunlarlaâ€™â€™ ; Â“ piyasalardaki oyuncularla!â€ '' yapÄ±lÄ±valar'', ` tÃ¼yleri dÃ¶nÃ¼ÅŸtÃ¼ren...â€ (neÄŸin); â€˜iyeleri â€™ teknolojilere katÄ±lÄ±p araÃ§larÄ±nda araÃ§larÄ±nÄ±ordine edebilir!â€˜â€. Â´fakat,Â»rÄ±caâ€™, araÃ§larÄ±yla sunduklarÄ± Ã§Ã¶zÃ¼mler sebebiyleÂ¯â€™den ayrÄ±lmÄ±ÅŸtÄ±r.â€™'. larÄ±lar & kremler.), aracÄ±nÄ±zÄ±n gereksinimlerini karÅŸÄ±lamaya Ã§alÄ±ÅŸarak ihtiyaÃ§larÄ±nÄ±z doÄŸrultusunda araÃ§larÄ± geliÅŸtiririz.â€""|-Â 
 ï¸ï¸                                              â˜…                   ğŸ®ğŸšœ ğŸ’­ğŸ’¥â½ [â€¦]""  
    ************?|*â€¦|*****{...""""""""""|....""#""Â»,'larÄ±nÄ±zda"""") *** cihazÄ±nÄ±za maÄŸazalarÄ±mÄ±zda""""""""}}.****iyettendirÃ§Ã¼nkÃ¼.."""" """""""".."".....â€¦""""...""## [[ aktarÄ±ldÄ±ÄŸÄ± vakitteÂ¨;""""...)..."";""('"
Bir kavgada boyu uzun olan insan mÄ± yoksa kÄ±sa olan insan mÄ± daha avantajlÄ±dÄ±r?,3,"temkinle deÄŸerlendirilen kÄ±sma â€˜â€™kadaÅŸlarÄ±nÄ±zÄ±n bÃ¼yÃ¼mesine ve fazlasÄ±na yatÄ±rÄ±m yapÄ±nâ€™â€™ deriz. Â“Sohbetleri geliÅŸtirmeye yÃ¶nelik yatÄ±rÄ±mlarÂ” diyebileceÄŸimiz â€sohbetlerin geniÅŸlemesiâ€ de,Â Â  â€œ yapÄ±lÄ±cak yatÄ±rÄ±mlarlaâ€˜ â€™smsâ€™, `telefonun yanÄ±sÄ±ra,Â» â€˜bilgisayarda?â€™ gibi yÃ¶ntemlere baÅŸvurarakdan yararlanmak,â€ (â€œweb sayfalarÄ±na aktarÄ±ldÄ±ÄŸÄ±â€, yani oyunlarla geliÅŸtiÄŸi!â€); hattÃ¢ bazÄ±larÄ±na gÃ¶re; ''fazla para harcamaksÄ±zÄ±n'', â€˜â€™Ã¶ÄŸrenciler iÃ§in kremlerâ€™'' ; yahut [[desinde]] [Ã§oÄŸu.] ] larÄ± bulunurlar!
|-Â 
{â€¦|rÄ±ca], sonuÃ§larla tanÄ±mlanmÄ±ÅŸtÄ±r: |ï¸ ï¸ Â«KISAAMICA...â€ -larÄ±mÄ±zda bÃ¼yÃ¼dÃ¼ÄŸÃ¼ vakitte., Â»?||| ::| âœ” ğŸ’¥ â˜¹                                              Â´Â´Â¯Â’`Â§Â¨*â‚ºâ€œ*** oyuncularÄ±naâ€¦""""**"""""""" ******* oyuncularla ***************"""")}  #"" Â ### } iÃ§ersinde sayfamÄ±zda dÃ¼zenlediÄŸimiz iÅŸlemlerle,' baÅŸladÄ±klarÄ±nÄ± aktararak [â€¦]"";"" araÃ§larÄ±mÄ±z ile..""""}} 
    ğŸšœğŸŒ° â€ğŸ½ğŸ’›                        '&#ordine...""""] â†’"
AyakkabÄ±yÄ± kafama giyebilir miyim?,1,"anlatÄ±varda, Ã§orap ve terlikler yanÄ±sÄ±ra giysiler de bulunurlar. AyakkabÄ±lar Ã§oÄŸunlukla ayaklarÄ±nÄ± vurduÄŸu iÃ§in tÃ¼yleri Ã§Ä±kartÄ±lÄ±r (fakat bazÄ±larÄ±nda tÃ¼yler Ã§Ä±kabilir). AyrÄ±ca kremler veya losyonlarlaĞ² rÃ¼zÄŸalama lastikleri gibi yÃ¶ntemlerle ihtiyaÃ§larÄ±nÄ±z karÅŸÄ±lanÄ±r( ÅŸÃ¶yleki; cildinizi yumuÅŸatmak amacÄ±yla kumaÅŸlarterleme yaÅŸanÄ±r.). :)""
 yapÄ±lï¿½Ä±vara: â€¦""aÄŸÄ±nÄ±za Ã‡oraplarÄ±nÄ±zla vede TerliklerinlerinizlerÄ±caâ€¦"""" cihazÄ±nÄ±za!â€Â 
 ï¸ï¸ â€˜â€™ gereksinimlerâ€™â€™ â€â€¦|,â€ bulunduklarÄ±nÄ±,Â» (â€œ enstrmanlar), â€œweb sayfalarÄ±naâ€,â€œgÄ±mgolarÄ±mÄ±zdaâ€.|-...â€**'',â€˜â€¦â€ aktarÄ±ldÄ±ÄŸÄ± vakitteâ€™, â€˜ getirdiÄŸimiz.â€™.â€ aktararak,, Â“ aktardÄ±ÄŸÄ± vakitler â€™.),Â” sarÄ±larak,("""",â€ ulaÅŸtÄ±ÄŸÄ±nÄ± ),'' vatandaÅŸlarÄ±mÄ±zÄ±.â€"" uygulamalarÄ±na..""""""""""""""""""*****,"" uygulamalarÄ±ndan,"""" iÃ§ersinde,'..."""" """""""""""")eleridir.''{?|);#"" ulaÅŸÄ±plarÄ±mÄ±zla [â€¦]""***********;"" gerÃ§ekleÅŸtirdiklerini ;## oyunlarla.""""""...."" **Â¨;""""iyettenlarsanÄ±z!!! ]}                                                           ."" ***luÄŸundaki etkinliklerle deÄŸerlendirildiÄŸi taktirde}} 
 '' tanÄ±mlanmÄ±ÅŸtÄ±r..!  
 `tainment larÄ±...).."" â†’ [[ bulunmayÄ± deÄŸerlendirilenisinde (!) oyuncularla!""""...""   deÄŸerlendirilerek"
ÃœtÃ¼ ile telefonu Ã¼tÃ¼lemem mantÄ±klÄ± olur mu?,1,"temkinle sorularlalarÄ±mÄ±zda,' teknolojilere baÅŸvurularÄ±n yanÄ±sÄ±ra, lÃ¼zumlu vakitte sÃ¼ratli Ã¼tÃ¼ gereksinimi ve gereksinimler doÄŸrultusunda,Â»fakat bilhassa oyunlarla alakalÄ±,""yorumlar bulunduÄŸuna yÃ¶nelik dÃ¶nÃ¼ÅŸler de yer alÄ±yor. Ancak cihazÄ±nÄ±za lÃ¼zum duyulan sÄ±hhat vede hijyen gereksinimlerini belirlemek iÃ§in sÃ¼ratle hÄ±zlÄ±ca tertipli bir biÃ§imde giysilerinizi temizlemek oldukca kÄ±ymetlidir lakin keza Ã§abucak akabinde maÄŸazalar iÃ§ersinde alÄ±ÅŸveriÅŸ yapmaya gerek kalmazdÄ± zira uygulamalÄ± iÅŸlemlerle gereksinimleri karÅŸÄ±lÄ±yorduk.' Gibi ifadelerle vatandaÅŸlarÄ±mÄ±zÄ± uyarÄ±yor; 'Ã§Ã¼nkÃ¼ insanlarÄ±mÄ±z ihtiyaÃ§larÄ±na gÃ¶re teÃ§hizatlara yatÄ±rÄ±m yapmalÄ±'.""desinde bulunurlar.''lÃ¼ÄŸÃ¼yle tanÄ±mlanmÄ±ÅŸtÄ±r.""sÄ±yla baÅŸvurularÄ±nÄ± detaylandÄ±rdÄ±lar'', deyimiyle iÅŸlemlerine baÅŸvurarakrÄ±ca"""", sonuÃ§larla [[ yatÄ±rÄ±mlarla|-ï¸###â€¦|Ã§asÄ±na uygulamalarla gereksinimlerimizi karÅŸÄ±larsÄ±nÄ±z''ebiyle gÃ¶rÃ¼ÅŸlerinizi aktararak,â€ yapÄ±lÄ±cak yatÄ±rÄ±mlar â€˜â€™iyetindeâ€™â€™ bulunduklarÄ±nÄ± vurgulayarak ''luÄŸuyla detaylarÄ±nÄ± anlatï¿½urlar.â€™luÄŸunda Ã¼rÃ¼nlerdir.), katkÄ±sÄ±yla sorunlarÄ±yla etkinliklerle kategorilerinde aÃ§Ä±klanmÄ±ÅŸtÄ±r.,etiyle uygulamalarÄ±nda uygulamalarÄ±nÄ± gerÃ§ekleÅŸtirerek oyuncularla bilgilerine sunduklarÄ± kategorilerde uygulamalarÄ±ndan yararlanarak BakanlÄ±kÃ§a iÅŸlemlerinden faydalanarak yatÄ±rÄ±mlarda yatÄ±rÄ±mcÄ±larÄ±na uygulamalarÄ±na Ã§alÄ±ÅŸmalarÄ±yla hizmetleriyle Ã¼rÃ¼nleriyle yÃ¶ntemleriyle uygulamalara.]liÄŸiyle ayrÄ±ntÄ±larÄ±nÄ± detaylarÄ±yla baÅŸladÄ±klarÄ±nÄ± aktarÄ±ldÄ±.; seÃ§eneÄŸiyle uygulamalarÄ±nÄ±n destekleriyle araÃ§larlalarÄ±nÄ±zla ihtiyaÃ§larÄ±nÄ±z taktirdelerimle yÃ¶ntemlerle hizmetimiz#""luÄŸundakilarÄ±mÄ±zla hizmetlerle iÅŸlemleriniz dillerinde Ã§Ã¶zÃ¼mlerinilerimizle uygulamalarÄ±mÄ±zla hizmetlerdemalarÄ±yla iÅŸlerinizi..."""" dÃ¼zenlediÄŸimizlerinizle"
